Copyright 1986-2020 Xilinx, Inc. All Rights Reserved.
--------------------------------------------------------------------------------------------------------------------------------------------------------------------------------------------------
| Tool Version : Vivado v.2020.2 (win64) Build 3064766 Wed Nov 18 09:12:45 MST 2020
| Date         : Mon Jun 22 15:47:22 2026
| Host         : FWX running 64-bit major release  (build 9200)
| Command      : report_timing_summary -max_paths 10 -file snake_top_timing_summary_routed.rpt -pb snake_top_timing_summary_routed.pb -rpx snake_top_timing_summary_routed.rpx -warn_on_violation
| Design       : snake_top
| Device       : 7k160t-ffg676
| Speed File   : -1  PRODUCTION 1.12 2017-02-17
--------------------------------------------------------------------------------------------------------------------------------------------------------------------------------------------------

Timing Summary Report

------------------------------------------------------------------------------------------------
| Timer Settings
| --------------
------------------------------------------------------------------------------------------------

  Enable Multi Corner Analysis               :  Yes
  Enable Pessimism Removal                   :  Yes
  Pessimism Removal Resolution               :  Nearest Common Node
  Enable Input Delay Default Clock           :  No
  Enable Preset / Clear Arcs                 :  No
  Disable Flight Delays                      :  No
  Ignore I/O Paths                           :  No
  Timing Early Launch at Borrowing Latches   :  No
  Borrow Time for Max Delay Exceptions       :  Yes
  Merge Timing Exceptions                    :  Yes

  Corner  Analyze    Analyze    
  Name    Max Paths  Min Paths  
  ------  ---------  ---------  
  Slow    Yes        Yes        
  Fast    Yes        Yes        



check_timing report

Table of Contents
-----------------
1. checking no_clock (0)
2. checking constant_clock (0)
3. checking pulse_width_clock (0)
4. checking unconstrained_internal_endpoints (0)
5. checking no_input_delay (5)
6. checking no_output_delay (32)
7. checking multiple_clock (0)
8. checking generated_clocks (0)
9. checking loops (0)
10. checking partial_input_delay (0)
11. checking partial_output_delay (0)
12. checking latch_loops (0)

1. checking no_clock (0)
------------------------
 There are 0 register/latch pins with no clock.


2. checking constant_clock (0)
------------------------------
 There are 0 register/latch pins with constant_clock.


3. checking pulse_width_clock (0)
---------------------------------
 There are 0 register/latch pins which need pulse_width check


4. checking unconstrained_internal_endpoints (0)
------------------------------------------------
 There are 0 pins that are not constrained for maximum delay.

 There are 0 pins that are not constrained for maximum delay due to constant clock.


5. checking no_input_delay (5)
------------------------------
 There are 5 input ports with no input delay specified. (HIGH)

 There are 0 input ports with no input delay but user has a false path constraint.


6. checking no_output_delay (32)
--------------------------------
 There are 32 ports with no output delay specified. (HIGH)

 There are 0 ports with no output delay but user has a false path constraint

 There are 0 ports with no output delay but with a timing clock defined on it or propagating through it


7. checking multiple_clock (0)
------------------------------
 There are 0 register/latch pins with multiple clocks.


8. checking generated_clocks (0)
--------------------------------
 There are 0 generated clocks that are not connected to a clock source.


9. checking loops (0)
---------------------
 There are 0 combinational loops in the design.


10. checking partial_input_delay (0)
------------------------------------
 There are 0 input ports with partial input delay specified.


11. checking partial_output_delay (0)
-------------------------------------
 There are 0 ports with partial output delay specified.


12. checking latch_loops (0)
----------------------------
 There are 0 combinational latch loops in the design through latch input



------------------------------------------------------------------------------------------------
| Design Timing Summary
| ---------------------
------------------------------------------------------------------------------------------------

    WNS(ns)      TNS(ns)  TNS Failing Endpoints  TNS Total Endpoints      WHS(ns)      THS(ns)  THS Failing Endpoints  THS Total Endpoints     WPWS(ns)     TPWS(ns)  TPWS Failing Endpoints  TPWS Total Endpoints  
    -------      -------  ---------------------  -------------------      -------      -------  ---------------------  -------------------     --------     --------  ----------------------  --------------------  
      0.741        0.000                      0                 9096        0.108        0.000                      0                 9096        4.600        0.000                       0                  4427  


All user specified timing constraints are met.


------------------------------------------------------------------------------------------------
| Clock Summary
| -------------
------------------------------------------------------------------------------------------------

Clock      Waveform(ns)       Period(ns)      Frequency(MHz)
-----      ------------       ----------      --------------
clk100MHZ  {0.000 5.000}      10.000          100.000         


------------------------------------------------------------------------------------------------
| Intra Clock Table
| -----------------
------------------------------------------------------------------------------------------------

Clock             WNS(ns)      TNS(ns)  TNS Failing Endpoints  TNS Total Endpoints      WHS(ns)      THS(ns)  THS Failing Endpoints  THS Total Endpoints     WPWS(ns)     TPWS(ns)  TPWS Failing Endpoints  TPWS Total Endpoints  
-----             -------      -------  ---------------------  -------------------      -------      -------  ---------------------  -------------------     --------     --------  ----------------------  --------------------  
clk100MHZ           0.741        0.000                      0                 7495        0.108        0.000                      0                 7495        4.600        0.000                       0                  4427  


------------------------------------------------------------------------------------------------
| Inter Clock Table
| -----------------
------------------------------------------------------------------------------------------------

From Clock    To Clock          WNS(ns)      TNS(ns)  TNS Failing Endpoints  TNS Total Endpoints      WHS(ns)      THS(ns)  THS Failing Endpoints  THS Total Endpoints  
----------    --------          -------      -------  ---------------------  -------------------      -------      -------  ---------------------  -------------------  


------------------------------------------------------------------------------------------------
| Other Path Groups Table
| -----------------------
------------------------------------------------------------------------------------------------

Path Group         From Clock         To Clock               WNS(ns)      TNS(ns)  TNS Failing Endpoints  TNS Total Endpoints      WHS(ns)      THS(ns)  THS Failing Endpoints  THS Total Endpoints  
----------         ----------         --------               -------      -------  ---------------------  -------------------      -------      -------  ---------------------  -------------------  
**async_default**  clk100MHZ          clk100MHZ                2.337        0.000                      0                 1601        0.562        0.000                      0                 1601  


------------------------------------------------------------------------------------------------
| Timing Details
| --------------
------------------------------------------------------------------------------------------------


---------------------------------------------------------------------------------------------------
From Clock:  clk100MHZ
  To Clock:  clk100MHZ

Setup :            0  Failing Endpoints,  Worst Slack        0.741ns,  Total Violation        0.000ns
Hold  :            0  Failing Endpoints,  Worst Slack        0.108ns,  Total Violation        0.000ns
PW    :            0  Failing Endpoints,  Worst Slack        4.600ns,  Total Violation        0.000ns
---------------------------------------------------------------------------------------------------


Max Delay Paths
--------------------------------------------------------------------------------------
Slack (MET) :             0.741ns  (required time - arrival time)
  Source:                 u_game/next_dir_reg[1]/C
                            (rising edge-triggered cell FDPE clocked by clk100MHZ  {rise@0.000ns fall@5.000ns period=10.000ns})
  Destination:            u_game/snake_x_reg[134][0]/CE
                            (rising edge-triggered cell FDRE clocked by clk100MHZ  {rise@0.000ns fall@5.000ns period=10.000ns})
  Path Group:             clk100MHZ
  Path Type:              Setup (Max at Slow Process Corner)
  Requirement:            10.000ns  (clk100MHZ rise@10.000ns - clk100MHZ rise@0.000ns)
  Data Path Delay:        8.903ns  (logic 2.018ns (22.666%)  route 6.885ns (77.334%))
  Logic Levels:           10  (CARRY4=2 LUT3=1 LUT5=1 LUT6=3 MUXF7=1 MUXF8=2)
  Clock Path Skew:        -0.077ns (DCD - SCD + CPR)
    Destination Clock Delay (DCD):    4.850ns = ( 14.850 - 10.000 ) 
    Source Clock Delay      (SCD):    5.262ns
    Clock Pessimism Removal (CPR):    0.335ns
  Clock Uncertainty:      0.035ns  ((TSJ^2 + TIJ^2)^1/2 + DJ) / 2 + PE
    Total System Jitter     (TSJ):    0.071ns
    Total Input Jitter      (TIJ):    0.000ns
    Discrete Jitter          (DJ):    0.000ns
    Phase Error              (PE):    0.000ns

    Location             Delay type                Incr(ns)  Path(ns)    Netlist Resource(s)
  -------------------------------------------------------------------    -------------------
                         (clock clk100MHZ rise edge)
                                                      0.000     0.000 r  
    AC18                                              0.000     0.000 r  clk (IN)
                         net (fo=0)                   0.000     0.000    clk
    AC18                 IBUF (Prop_ibuf_I_O)         0.745     0.745 r  clk_IBUF_inst/O
                         net (fo=1, routed)           2.564     3.309    clk_IBUF
    BUFGCTRL_X0Y0        BUFG (Prop_bufg_I_O)         0.120     3.429 r  clk_IBUF_BUFG_inst/O
                         net (fo=4426, routed)        1.833     5.262    u_game/clk_IBUF_BUFG
    SLICE_X20Y31         FDPE                                         r  u_game/next_dir_reg[1]/C
  -------------------------------------------------------------------    -------------------
    SLICE_X20Y31         FDPE (Prop_fdpe_C_Q)         0.308     5.570 r  u_game/next_dir_reg[1]/Q
                         net (fo=28, routed)          0.754     6.324    u_game/next_dir_reg_n_0_[1]
    SLICE_X21Y37         LUT3 (Prop_lut3_I1_O)        0.053     6.377 r  u_game/snake_x[3][3]_i_7/O
                         net (fo=1, routed)           0.000     6.377    u_game/snake_x[3][3]_i_7_n_0
    SLICE_X21Y37         CARRY4 (Prop_carry4_S[1]_O[2])
                                                      0.345     6.722 r  u_game/snake_x_reg[3][3]_i_1/O[2]
                         net (fo=258, routed)         0.787     7.509    u_game/snake_x_reg[3][3]_i_1_n_5
    SLICE_X20Y50         CARRY4 (Prop_carry4_S[0]_O[1])
                                                      0.423     7.932 r  u_game/head_idx_reg[7]_i_22/O[1]
                         net (fo=139, routed)         1.208     9.140    u_game/head_idx_reg[7]_i_22_n_6
    SLICE_X42Y58         MUXF8 (Prop_muxf8_S_O)       0.275     9.415 f  u_game/head_idx_reg[7]_i_78/O
                         net (fo=1, routed)           0.746    10.161    u_game/head_idx_reg[7]_i_78_n_0
    SLICE_X26Y59         LUT6 (Prop_lut6_I5_O)        0.156    10.317 f  u_game/head_idx[7]_i_40/O
                         net (fo=1, routed)           0.000    10.317    u_game/head_idx[7]_i_40_n_0
    SLICE_X26Y59         MUXF7 (Prop_muxf7_I0_O)      0.143    10.460 f  u_game/head_idx_reg[7]_i_20/O
                         net (fo=1, routed)           0.000    10.460    u_game/head_idx_reg[7]_i_20_n_0
    SLICE_X26Y59         MUXF8 (Prop_muxf8_I0_O)      0.056    10.516 f  u_game/head_idx_reg[7]_i_10/O
                         net (fo=2, routed)           0.767    11.283    u_game/head_idx_reg[7]_i_10_n_0
    SLICE_X26Y38         LUT5 (Prop_lut5_I0_O)        0.153    11.436 r  u_game/head_idx[7]_i_4/O
                         net (fo=5, routed)           0.611    12.047    u_game/head_idx[7]_i_4_n_0
    SLICE_X26Y29         LUT6 (Prop_lut6_I3_O)        0.053    12.100 r  u_game/snake_x[4][5]_i_3/O
                         net (fo=85, routed)          1.307    13.407    u_game/snake_x[4][5]_i_3_n_0
    SLICE_X42Y4          LUT6 (Prop_lut6_I0_O)        0.053    13.460 r  u_game/snake_x[134][5]_i_1/O
                         net (fo=11, routed)          0.705    14.165    u_game/snake_x[134][5]_i_1_n_0
    SLICE_X51Y3          FDRE                                         r  u_game/snake_x_reg[134][0]/CE
  -------------------------------------------------------------------    -------------------

                         (clock clk100MHZ rise edge)
                                                     10.000    10.000 r  
    AC18                                              0.000    10.000 r  clk (IN)
                         net (fo=0)                   0.000    10.000    clk
    AC18                 IBUF (Prop_ibuf_I_O)         0.620    10.620 r  clk_IBUF_inst/O
                         net (fo=1, routed)           2.447    13.067    clk_IBUF
    BUFGCTRL_X0Y0        BUFG (Prop_bufg_I_O)         0.113    13.180 r  clk_IBUF_BUFG_inst/O
                         net (fo=4426, routed)        1.670    14.850    u_game/clk_IBUF_BUFG
    SLICE_X51Y3          FDRE                                         r  u_game/snake_x_reg[134][0]/C
                         clock pessimism              0.335    15.185    
                         clock uncertainty           -0.035    15.150    
    SLICE_X51Y3          FDRE (Setup_fdre_C_CE)      -0.244    14.906    u_game/snake_x_reg[134][0]
  -------------------------------------------------------------------
                         required time                         14.906    
                         arrival time                         -14.165    
  -------------------------------------------------------------------
                         slack                                  0.741    

Slack (MET) :             0.741ns  (required time - arrival time)
  Source:                 u_game/next_dir_reg[1]/C
                            (rising edge-triggered cell FDPE clocked by clk100MHZ  {rise@0.000ns fall@5.000ns period=10.000ns})
  Destination:            u_game/snake_x_reg[134][4]/CE
                            (rising edge-triggered cell FDRE clocked by clk100MHZ  {rise@0.000ns fall@5.000ns period=10.000ns})
  Path Group:             clk100MHZ
  Path Type:              Setup (Max at Slow Process Corner)
  Requirement:            10.000ns  (clk100MHZ rise@10.000ns - clk100MHZ rise@0.000ns)
  Data Path Delay:        8.903ns  (logic 2.018ns (22.666%)  route 6.885ns (77.334%))
  Logic Levels:           10  (CARRY4=2 LUT3=1 LUT5=1 LUT6=3 MUXF7=1 MUXF8=2)
  Clock Path Skew:        -0.077ns (DCD - SCD + CPR)
    Destination Clock Delay (DCD):    4.850ns = ( 14.850 - 10.000 ) 
    Source Clock Delay      (SCD):    5.262ns
    Clock Pessimism Removal (CPR):    0.335ns
  Clock Uncertainty:      0.035ns  ((TSJ^2 + TIJ^2)^1/2 + DJ) / 2 + PE
    Total System Jitter     (TSJ):    0.071ns
    Total Input Jitter      (TIJ):    0.000ns
    Discrete Jitter          (DJ):    0.000ns
    Phase Error              (PE):    0.000ns

    Location             Delay type                Incr(ns)  Path(ns)    Netlist Resource(s)
  -------------------------------------------------------------------    -------------------
                         (clock clk100MHZ rise edge)
                                                      0.000     0.000 r  
    AC18                                              0.000     0.000 r  clk (IN)
                         net (fo=0)                   0.000     0.000    clk
    AC18                 IBUF (Prop_ibuf_I_O)         0.745     0.745 r  clk_IBUF_inst/O
                         net (fo=1, routed)           2.564     3.309    clk_IBUF
    BUFGCTRL_X0Y0        BUFG (Prop_bufg_I_O)         0.120     3.429 r  clk_IBUF_BUFG_inst/O
                         net (fo=4426, routed)        1.833     5.262    u_game/clk_IBUF_BUFG
    SLICE_X20Y31         FDPE                                         r  u_game/next_dir_reg[1]/C
  -------------------------------------------------------------------    -------------------
    SLICE_X20Y31         FDPE (Prop_fdpe_C_Q)         0.308     5.570 r  u_game/next_dir_reg[1]/Q
                         net (fo=28, routed)          0.754     6.324    u_game/next_dir_reg_n_0_[1]
    SLICE_X21Y37         LUT3 (Prop_lut3_I1_O)        0.053     6.377 r  u_game/snake_x[3][3]_i_7/O
                         net (fo=1, routed)           0.000     6.377    u_game/snake_x[3][3]_i_7_n_0
    SLICE_X21Y37         CARRY4 (Prop_carry4_S[1]_O[2])
                                                      0.345     6.722 r  u_game/snake_x_reg[3][3]_i_1/O[2]
                         net (fo=258, routed)         0.787     7.509    u_game/snake_x_reg[3][3]_i_1_n_5
    SLICE_X20Y50         CARRY4 (Prop_carry4_S[0]_O[1])
                                                      0.423     7.932 r  u_game/head_idx_reg[7]_i_22/O[1]
                         net (fo=139, routed)         1.208     9.140    u_game/head_idx_reg[7]_i_22_n_6
    SLICE_X42Y58         MUXF8 (Prop_muxf8_S_O)       0.275     9.415 f  u_game/head_idx_reg[7]_i_78/O
                         net (fo=1, routed)           0.746    10.161    u_game/head_idx_reg[7]_i_78_n_0
    SLICE_X26Y59         LUT6 (Prop_lut6_I5_O)        0.156    10.317 f  u_game/head_idx[7]_i_40/O
                         net (fo=1, routed)           0.000    10.317    u_game/head_idx[7]_i_40_n_0
    SLICE_X26Y59         MUXF7 (Prop_muxf7_I0_O)      0.143    10.460 f  u_game/head_idx_reg[7]_i_20/O
                         net (fo=1, routed)           0.000    10.460    u_game/head_idx_reg[7]_i_20_n_0
    SLICE_X26Y59         MUXF8 (Prop_muxf8_I0_O)      0.056    10.516 f  u_game/head_idx_reg[7]_i_10/O
                         net (fo=2, routed)           0.767    11.283    u_game/head_idx_reg[7]_i_10_n_0
    SLICE_X26Y38         LUT5 (Prop_lut5_I0_O)        0.153    11.436 r  u_game/head_idx[7]_i_4/O
                         net (fo=5, routed)           0.611    12.047    u_game/head_idx[7]_i_4_n_0
    SLICE_X26Y29         LUT6 (Prop_lut6_I3_O)        0.053    12.100 r  u_game/snake_x[4][5]_i_3/O
                         net (fo=85, routed)          1.307    13.407    u_game/snake_x[4][5]_i_3_n_0
    SLICE_X42Y4          LUT6 (Prop_lut6_I0_O)        0.053    13.460 r  u_game/snake_x[134][5]_i_1/O
                         net (fo=11, routed)          0.705    14.165    u_game/snake_x[134][5]_i_1_n_0
    SLICE_X51Y3          FDRE                                         r  u_game/snake_x_reg[134][4]/CE
  -------------------------------------------------------------------    -------------------

                         (clock clk100MHZ rise edge)
                                                     10.000    10.000 r  
    AC18                                              0.000    10.000 r  clk (IN)
                         net (fo=0)                   0.000    10.000    clk
    AC18                 IBUF (Prop_ibuf_I_O)         0.620    10.620 r  clk_IBUF_inst/O
                         net (fo=1, routed)           2.447    13.067    clk_IBUF
    BUFGCTRL_X0Y0        BUFG (Prop_bufg_I_O)         0.113    13.180 r  clk_IBUF_BUFG_inst/O
                         net (fo=4426, routed)        1.670    14.850    u_game/clk_IBUF_BUFG
    SLICE_X51Y3          FDRE                                         r  u_game/snake_x_reg[134][4]/C
                         clock pessimism              0.335    15.185    
                         clock uncertainty           -0.035    15.150    
    SLICE_X51Y3          FDRE (Setup_fdre_C_CE)      -0.244    14.906    u_game/snake_x_reg[134][4]
  -------------------------------------------------------------------
                         required time                         14.906    
                         arrival time                         -14.165    
  -------------------------------------------------------------------
                         slack                                  0.741    

Slack (MET) :             0.741ns  (required time - arrival time)
  Source:                 u_game/next_dir_reg[1]/C
                            (rising edge-triggered cell FDPE clocked by clk100MHZ  {rise@0.000ns fall@5.000ns period=10.000ns})
  Destination:            u_game/snake_x_reg[134][5]/CE
                            (rising edge-triggered cell FDRE clocked by clk100MHZ  {rise@0.000ns fall@5.000ns period=10.000ns})
  Path Group:             clk100MHZ
  Path Type:              Setup (Max at Slow Process Corner)
  Requirement:            10.000ns  (clk100MHZ rise@10.000ns - clk100MHZ rise@0.000ns)
  Data Path Delay:        8.903ns  (logic 2.018ns (22.666%)  route 6.885ns (77.334%))
  Logic Levels:           10  (CARRY4=2 LUT3=1 LUT5=1 LUT6=3 MUXF7=1 MUXF8=2)
  Clock Path Skew:        -0.077ns (DCD - SCD + CPR)
    Destination Clock Delay (DCD):    4.850ns = ( 14.850 - 10.000 ) 
    Source Clock Delay      (SCD):    5.262ns
    Clock Pessimism Removal (CPR):    0.335ns
  Clock Uncertainty:      0.035ns  ((TSJ^2 + TIJ^2)^1/2 + DJ) / 2 + PE
    Total System Jitter     (TSJ):    0.071ns
    Total Input Jitter      (TIJ):    0.000ns
    Discrete Jitter          (DJ):    0.000ns
    Phase Error              (PE):    0.000ns

    Location             Delay type                Incr(ns)  Path(ns)    Netlist Resource(s)
  -------------------------------------------------------------------    -------------------
                         (clock clk100MHZ rise edge)
                                                      0.000     0.000 r  
    AC18                                              0.000     0.000 r  clk (IN)
                         net (fo=0)                   0.000     0.000    clk
    AC18                 IBUF (Prop_ibuf_I_O)         0.745     0.745 r  clk_IBUF_inst/O
                         net (fo=1, routed)           2.564     3.309    clk_IBUF
    BUFGCTRL_X0Y0        BUFG (Prop_bufg_I_O)         0.120     3.429 r  clk_IBUF_BUFG_inst/O
                         net (fo=4426, routed)        1.833     5.262    u_game/clk_IBUF_BUFG
    SLICE_X20Y31         FDPE                                         r  u_game/next_dir_reg[1]/C
  -------------------------------------------------------------------    -------------------
    SLICE_X20Y31         FDPE (Prop_fdpe_C_Q)         0.308     5.570 r  u_game/next_dir_reg[1]/Q
                         net (fo=28, routed)          0.754     6.324    u_game/next_dir_reg_n_0_[1]
    SLICE_X21Y37         LUT3 (Prop_lut3_I1_O)        0.053     6.377 r  u_game/snake_x[3][3]_i_7/O
                         net (fo=1, routed)           0.000     6.377    u_game/snake_x[3][3]_i_7_n_0
    SLICE_X21Y37         CARRY4 (Prop_carry4_S[1]_O[2])
                                                      0.345     6.722 r  u_game/snake_x_reg[3][3]_i_1/O[2]
                         net (fo=258, routed)         0.787     7.509    u_game/snake_x_reg[3][3]_i_1_n_5
    SLICE_X20Y50         CARRY4 (Prop_carry4_S[0]_O[1])
                                                      0.423     7.932 r  u_game/head_idx_reg[7]_i_22/O[1]
                         net (fo=139, routed)         1.208     9.140    u_game/head_idx_reg[7]_i_22_n_6
    SLICE_X42Y58         MUXF8 (Prop_muxf8_S_O)       0.275     9.415 f  u_game/head_idx_reg[7]_i_78/O
                         net (fo=1, routed)           0.746    10.161    u_game/head_idx_reg[7]_i_78_n_0
    SLICE_X26Y59         LUT6 (Prop_lut6_I5_O)        0.156    10.317 f  u_game/head_idx[7]_i_40/O
                         net (fo=1, routed)           0.000    10.317    u_game/head_idx[7]_i_40_n_0
    SLICE_X26Y59         MUXF7 (Prop_muxf7_I0_O)      0.143    10.460 f  u_game/head_idx_reg[7]_i_20/O
                         net (fo=1, routed)           0.000    10.460    u_game/head_idx_reg[7]_i_20_n_0
    SLICE_X26Y59         MUXF8 (Prop_muxf8_I0_O)      0.056    10.516 f  u_game/head_idx_reg[7]_i_10/O
                         net (fo=2, routed)           0.767    11.283    u_game/head_idx_reg[7]_i_10_n_0
    SLICE_X26Y38         LUT5 (Prop_lut5_I0_O)        0.153    11.436 r  u_game/head_idx[7]_i_4/O
                         net (fo=5, routed)           0.611    12.047    u_game/head_idx[7]_i_4_n_0
    SLICE_X26Y29         LUT6 (Prop_lut6_I3_O)        0.053    12.100 r  u_game/snake_x[4][5]_i_3/O
                         net (fo=85, routed)          1.307    13.407    u_game/snake_x[4][5]_i_3_n_0
    SLICE_X42Y4          LUT6 (Prop_lut6_I0_O)        0.053    13.460 r  u_game/snake_x[134][5]_i_1/O
                         net (fo=11, routed)          0.705    14.165    u_game/snake_x[134][5]_i_1_n_0
    SLICE_X51Y3          FDRE                                         r  u_game/snake_x_reg[134][5]/CE
  -------------------------------------------------------------------    -------------------

                         (clock clk100MHZ rise edge)
                                                     10.000    10.000 r  
    AC18                                              0.000    10.000 r  clk (IN)
                         net (fo=0)                   0.000    10.000    clk
    AC18                 IBUF (Prop_ibuf_I_O)         0.620    10.620 r  clk_IBUF_inst/O
                         net (fo=1, routed)           2.447    13.067    clk_IBUF
    BUFGCTRL_X0Y0        BUFG (Prop_bufg_I_O)         0.113    13.180 r  clk_IBUF_BUFG_inst/O
                         net (fo=4426, routed)        1.670    14.850    u_game/clk_IBUF_BUFG
    SLICE_X51Y3          FDRE                                         r  u_game/snake_x_reg[134][5]/C
                         clock pessimism              0.335    15.185    
                         clock uncertainty           -0.035    15.150    
    SLICE_X51Y3          FDRE (Setup_fdre_C_CE)      -0.244    14.906    u_game/snake_x_reg[134][5]
  -------------------------------------------------------------------
                         required time                         14.906    
                         arrival time                         -14.165    
  -------------------------------------------------------------------
                         slack                                  0.741    

Slack (MET) :             0.741ns  (required time - arrival time)
  Source:                 u_game/next_dir_reg[1]/C
                            (rising edge-triggered cell FDPE clocked by clk100MHZ  {rise@0.000ns fall@5.000ns period=10.000ns})
  Destination:            u_game/snake_y_reg[134][3]/CE
                            (rising edge-triggered cell FDRE clocked by clk100MHZ  {rise@0.000ns fall@5.000ns period=10.000ns})
  Path Group:             clk100MHZ
  Path Type:              Setup (Max at Slow Process Corner)
  Requirement:            10.000ns  (clk100MHZ rise@10.000ns - clk100MHZ rise@0.000ns)
  Data Path Delay:        8.903ns  (logic 2.018ns (22.666%)  route 6.885ns (77.334%))
  Logic Levels:           10  (CARRY4=2 LUT3=1 LUT5=1 LUT6=3 MUXF7=1 MUXF8=2)
  Clock Path Skew:        -0.077ns (DCD - SCD + CPR)
    Destination Clock Delay (DCD):    4.850ns = ( 14.850 - 10.000 ) 
    Source Clock Delay      (SCD):    5.262ns
    Clock Pessimism Removal (CPR):    0.335ns
  Clock Uncertainty:      0.035ns  ((TSJ^2 + TIJ^2)^1/2 + DJ) / 2 + PE
    Total System Jitter     (TSJ):    0.071ns
    Total Input Jitter      (TIJ):    0.000ns
    Discrete Jitter          (DJ):    0.000ns
    Phase Error              (PE):    0.000ns

    Location             Delay type                Incr(ns)  Path(ns)    Netlist Resource(s)
  -------------------------------------------------------------------    -------------------
                         (clock clk100MHZ rise edge)
                                                      0.000     0.000 r  
    AC18                                              0.000     0.000 r  clk (IN)
                         net (fo=0)                   0.000     0.000    clk
    AC18                 IBUF (Prop_ibuf_I_O)         0.745     0.745 r  clk_IBUF_inst/O
                         net (fo=1, routed)           2.564     3.309    clk_IBUF
    BUFGCTRL_X0Y0        BUFG (Prop_bufg_I_O)         0.120     3.429 r  clk_IBUF_BUFG_inst/O
                         net (fo=4426, routed)        1.833     5.262    u_game/clk_IBUF_BUFG
    SLICE_X20Y31         FDPE                                         r  u_game/next_dir_reg[1]/C
  -------------------------------------------------------------------    -------------------
    SLICE_X20Y31         FDPE (Prop_fdpe_C_Q)         0.308     5.570 r  u_game/next_dir_reg[1]/Q
                         net (fo=28, routed)          0.754     6.324    u_game/next_dir_reg_n_0_[1]
    SLICE_X21Y37         LUT3 (Prop_lut3_I1_O)        0.053     6.377 r  u_game/snake_x[3][3]_i_7/O
                         net (fo=1, routed)           0.000     6.377    u_game/snake_x[3][3]_i_7_n_0
    SLICE_X21Y37         CARRY4 (Prop_carry4_S[1]_O[2])
                                                      0.345     6.722 r  u_game/snake_x_reg[3][3]_i_1/O[2]
                         net (fo=258, routed)         0.787     7.509    u_game/snake_x_reg[3][3]_i_1_n_5
    SLICE_X20Y50         CARRY4 (Prop_carry4_S[0]_O[1])
                                                      0.423     7.932 r  u_game/head_idx_reg[7]_i_22/O[1]
                         net (fo=139, routed)         1.208     9.140    u_game/head_idx_reg[7]_i_22_n_6
    SLICE_X42Y58         MUXF8 (Prop_muxf8_S_O)       0.275     9.415 f  u_game/head_idx_reg[7]_i_78/O
                         net (fo=1, routed)           0.746    10.161    u_game/head_idx_reg[7]_i_78_n_0
    SLICE_X26Y59         LUT6 (Prop_lut6_I5_O)        0.156    10.317 f  u_game/head_idx[7]_i_40/O
                         net (fo=1, routed)           0.000    10.317    u_game/head_idx[7]_i_40_n_0
    SLICE_X26Y59         MUXF7 (Prop_muxf7_I0_O)      0.143    10.460 f  u_game/head_idx_reg[7]_i_20/O
                         net (fo=1, routed)           0.000    10.460    u_game/head_idx_reg[7]_i_20_n_0
    SLICE_X26Y59         MUXF8 (Prop_muxf8_I0_O)      0.056    10.516 f  u_game/head_idx_reg[7]_i_10/O
                         net (fo=2, routed)           0.767    11.283    u_game/head_idx_reg[7]_i_10_n_0
    SLICE_X26Y38         LUT5 (Prop_lut5_I0_O)        0.153    11.436 r  u_game/head_idx[7]_i_4/O
                         net (fo=5, routed)           0.611    12.047    u_game/head_idx[7]_i_4_n_0
    SLICE_X26Y29         LUT6 (Prop_lut6_I3_O)        0.053    12.100 r  u_game/snake_x[4][5]_i_3/O
                         net (fo=85, routed)          1.307    13.407    u_game/snake_x[4][5]_i_3_n_0
    SLICE_X42Y4          LUT6 (Prop_lut6_I0_O)        0.053    13.460 r  u_game/snake_x[134][5]_i_1/O
                         net (fo=11, routed)          0.705    14.165    u_game/snake_x[134][5]_i_1_n_0
    SLICE_X51Y3          FDRE                                         r  u_game/snake_y_reg[134][3]/CE
  -------------------------------------------------------------------    -------------------

                         (clock clk100MHZ rise edge)
                                                     10.000    10.000 r  
    AC18                                              0.000    10.000 r  clk (IN)
                         net (fo=0)                   0.000    10.000    clk
    AC18                 IBUF (Prop_ibuf_I_O)         0.620    10.620 r  clk_IBUF_inst/O
                         net (fo=1, routed)           2.447    13.067    clk_IBUF
    BUFGCTRL_X0Y0        BUFG (Prop_bufg_I_O)         0.113    13.180 r  clk_IBUF_BUFG_inst/O
                         net (fo=4426, routed)        1.670    14.850    u_game/clk_IBUF_BUFG
    SLICE_X51Y3          FDRE                                         r  u_game/snake_y_reg[134][3]/C
                         clock pessimism              0.335    15.185    
                         clock uncertainty           -0.035    15.150    
    SLICE_X51Y3          FDRE (Setup_fdre_C_CE)      -0.244    14.906    u_game/snake_y_reg[134][3]
  -------------------------------------------------------------------
                         required time                         14.906    
                         arrival time                         -14.165    
  -------------------------------------------------------------------
                         slack                                  0.741    

Slack (MET) :             0.768ns  (required time - arrival time)
  Source:                 u_game/next_dir_reg[1]/C
                            (rising edge-triggered cell FDPE clocked by clk100MHZ  {rise@0.000ns fall@5.000ns period=10.000ns})
  Destination:            u_game/snake_x_reg[140][5]/CE
                            (rising edge-triggered cell FDRE clocked by clk100MHZ  {rise@0.000ns fall@5.000ns period=10.000ns})
  Path Group:             clk100MHZ
  Path Type:              Setup (Max at Slow Process Corner)
  Requirement:            10.000ns  (clk100MHZ rise@10.000ns - clk100MHZ rise@0.000ns)
  Data Path Delay:        8.877ns  (logic 2.018ns (22.733%)  route 6.859ns (77.267%))
  Logic Levels:           10  (CARRY4=2 LUT3=1 LUT5=1 LUT6=3 MUXF7=1 MUXF8=2)
  Clock Path Skew:        -0.076ns (DCD - SCD + CPR)
    Destination Clock Delay (DCD):    4.851ns = ( 14.851 - 10.000 ) 
    Source Clock Delay      (SCD):    5.262ns
    Clock Pessimism Removal (CPR):    0.335ns
  Clock Uncertainty:      0.035ns  ((TSJ^2 + TIJ^2)^1/2 + DJ) / 2 + PE
    Total System Jitter     (TSJ):    0.071ns
    Total Input Jitter      (TIJ):    0.000ns
    Discrete Jitter          (DJ):    0.000ns
    Phase Error              (PE):    0.000ns

    Location             Delay type                Incr(ns)  Path(ns)    Netlist Resource(s)
  -------------------------------------------------------------------    -------------------
                         (clock clk100MHZ rise edge)
                                                      0.000     0.000 r  
    AC18                                              0.000     0.000 r  clk (IN)
                         net (fo=0)                   0.000     0.000    clk
    AC18                 IBUF (Prop_ibuf_I_O)         0.745     0.745 r  clk_IBUF_inst/O
                         net (fo=1, routed)           2.564     3.309    clk_IBUF
    BUFGCTRL_X0Y0        BUFG (Prop_bufg_I_O)         0.120     3.429 r  clk_IBUF_BUFG_inst/O
                         net (fo=4426, routed)        1.833     5.262    u_game/clk_IBUF_BUFG
    SLICE_X20Y31         FDPE                                         r  u_game/next_dir_reg[1]/C
  -------------------------------------------------------------------    -------------------
    SLICE_X20Y31         FDPE (Prop_fdpe_C_Q)         0.308     5.570 r  u_game/next_dir_reg[1]/Q
                         net (fo=28, routed)          0.754     6.324    u_game/next_dir_reg_n_0_[1]
    SLICE_X21Y37         LUT3 (Prop_lut3_I1_O)        0.053     6.377 r  u_game/snake_x[3][3]_i_7/O
                         net (fo=1, routed)           0.000     6.377    u_game/snake_x[3][3]_i_7_n_0
    SLICE_X21Y37         CARRY4 (Prop_carry4_S[1]_O[2])
                                                      0.345     6.722 r  u_game/snake_x_reg[3][3]_i_1/O[2]
                         net (fo=258, routed)         0.787     7.509    u_game/snake_x_reg[3][3]_i_1_n_5
    SLICE_X20Y50         CARRY4 (Prop_carry4_S[0]_O[1])
                                                      0.423     7.932 r  u_game/head_idx_reg[7]_i_22/O[1]
                         net (fo=139, routed)         1.208     9.140    u_game/head_idx_reg[7]_i_22_n_6
    SLICE_X42Y58         MUXF8 (Prop_muxf8_S_O)       0.275     9.415 f  u_game/head_idx_reg[7]_i_78/O
                         net (fo=1, routed)           0.746    10.161    u_game/head_idx_reg[7]_i_78_n_0
    SLICE_X26Y59         LUT6 (Prop_lut6_I5_O)        0.156    10.317 f  u_game/head_idx[7]_i_40/O
                         net (fo=1, routed)           0.000    10.317    u_game/head_idx[7]_i_40_n_0
    SLICE_X26Y59         MUXF7 (Prop_muxf7_I0_O)      0.143    10.460 f  u_game/head_idx_reg[7]_i_20/O
                         net (fo=1, routed)           0.000    10.460    u_game/head_idx_reg[7]_i_20_n_0
    SLICE_X26Y59         MUXF8 (Prop_muxf8_I0_O)      0.056    10.516 f  u_game/head_idx_reg[7]_i_10/O
                         net (fo=2, routed)           0.767    11.283    u_game/head_idx_reg[7]_i_10_n_0
    SLICE_X26Y38         LUT5 (Prop_lut5_I0_O)        0.153    11.436 r  u_game/head_idx[7]_i_4/O
                         net (fo=5, routed)           0.647    12.083    u_game/head_idx[7]_i_4_n_0
    SLICE_X26Y29         LUT6 (Prop_lut6_I3_O)        0.053    12.136 r  u_game/snake_x[0][5]_i_2/O
                         net (fo=85, routed)          1.233    13.369    u_game/snake_x[0][5]_i_2_n_0
    SLICE_X42Y7          LUT6 (Prop_lut6_I0_O)        0.053    13.422 r  u_game/snake_x[140][5]_i_1/O
                         net (fo=11, routed)          0.717    14.139    u_game/snake_x[140][5]_i_1_n_0
    SLICE_X52Y1          FDRE                                         r  u_game/snake_x_reg[140][5]/CE
  -------------------------------------------------------------------    -------------------

                         (clock clk100MHZ rise edge)
                                                     10.000    10.000 r  
    AC18                                              0.000    10.000 r  clk (IN)
                         net (fo=0)                   0.000    10.000    clk
    AC18                 IBUF (Prop_ibuf_I_O)         0.620    10.620 r  clk_IBUF_inst/O
                         net (fo=1, routed)           2.447    13.067    clk_IBUF
    BUFGCTRL_X0Y0        BUFG (Prop_bufg_I_O)         0.113    13.180 r  clk_IBUF_BUFG_inst/O
                         net (fo=4426, routed)        1.671    14.851    u_game/clk_IBUF_BUFG
    SLICE_X52Y1          FDRE                                         r  u_game/snake_x_reg[140][5]/C
                         clock pessimism              0.335    15.186    
                         clock uncertainty           -0.035    15.151    
    SLICE_X52Y1          FDRE (Setup_fdre_C_CE)      -0.244    14.907    u_game/snake_x_reg[140][5]
  -------------------------------------------------------------------
                         required time                         14.907    
                         arrival time                         -14.139    
  -------------------------------------------------------------------
                         slack                                  0.768    

Slack (MET) :             0.774ns  (required time - arrival time)
  Source:                 u_game/next_dir_reg[1]/C
                            (rising edge-triggered cell FDPE clocked by clk100MHZ  {rise@0.000ns fall@5.000ns period=10.000ns})
  Destination:            u_game/snake_x_reg[140][1]/CE
                            (rising edge-triggered cell FDRE clocked by clk100MHZ  {rise@0.000ns fall@5.000ns period=10.000ns})
  Path Group:             clk100MHZ
  Path Type:              Setup (Max at Slow Process Corner)
  Requirement:            10.000ns  (clk100MHZ rise@10.000ns - clk100MHZ rise@0.000ns)
  Data Path Delay:        8.869ns  (logic 2.018ns (22.753%)  route 6.851ns (77.247%))
  Logic Levels:           10  (CARRY4=2 LUT3=1 LUT5=1 LUT6=3 MUXF7=1 MUXF8=2)
  Clock Path Skew:        -0.077ns (DCD - SCD + CPR)
    Destination Clock Delay (DCD):    4.850ns = ( 14.850 - 10.000 ) 
    Source Clock Delay      (SCD):    5.262ns
    Clock Pessimism Removal (CPR):    0.335ns
  Clock Uncertainty:      0.035ns  ((TSJ^2 + TIJ^2)^1/2 + DJ) / 2 + PE
    Total System Jitter     (TSJ):    0.071ns
    Total Input Jitter      (TIJ):    0.000ns
    Discrete Jitter          (DJ):    0.000ns
    Phase Error              (PE):    0.000ns

    Location             Delay type                Incr(ns)  Path(ns)    Netlist Resource(s)
  -------------------------------------------------------------------    -------------------
                         (clock clk100MHZ rise edge)
                                                      0.000     0.000 r  
    AC18                                              0.000     0.000 r  clk (IN)
                         net (fo=0)                   0.000     0.000    clk
    AC18                 IBUF (Prop_ibuf_I_O)         0.745     0.745 r  clk_IBUF_inst/O
                         net (fo=1, routed)           2.564     3.309    clk_IBUF
    BUFGCTRL_X0Y0        BUFG (Prop_bufg_I_O)         0.120     3.429 r  clk_IBUF_BUFG_inst/O
                         net (fo=4426, routed)        1.833     5.262    u_game/clk_IBUF_BUFG
    SLICE_X20Y31         FDPE                                         r  u_game/next_dir_reg[1]/C
  -------------------------------------------------------------------    -------------------
    SLICE_X20Y31         FDPE (Prop_fdpe_C_Q)         0.308     5.570 r  u_game/next_dir_reg[1]/Q
                         net (fo=28, routed)          0.754     6.324    u_game/next_dir_reg_n_0_[1]
    SLICE_X21Y37         LUT3 (Prop_lut3_I1_O)        0.053     6.377 r  u_game/snake_x[3][3]_i_7/O
                         net (fo=1, routed)           0.000     6.377    u_game/snake_x[3][3]_i_7_n_0
    SLICE_X21Y37         CARRY4 (Prop_carry4_S[1]_O[2])
                                                      0.345     6.722 r  u_game/snake_x_reg[3][3]_i_1/O[2]
                         net (fo=258, routed)         0.787     7.509    u_game/snake_x_reg[3][3]_i_1_n_5
    SLICE_X20Y50         CARRY4 (Prop_carry4_S[0]_O[1])
                                                      0.423     7.932 r  u_game/head_idx_reg[7]_i_22/O[1]
                         net (fo=139, routed)         1.208     9.140    u_game/head_idx_reg[7]_i_22_n_6
    SLICE_X42Y58         MUXF8 (Prop_muxf8_S_O)       0.275     9.415 f  u_game/head_idx_reg[7]_i_78/O
                         net (fo=1, routed)           0.746    10.161    u_game/head_idx_reg[7]_i_78_n_0
    SLICE_X26Y59         LUT6 (Prop_lut6_I5_O)        0.156    10.317 f  u_game/head_idx[7]_i_40/O
                         net (fo=1, routed)           0.000    10.317    u_game/head_idx[7]_i_40_n_0
    SLICE_X26Y59         MUXF7 (Prop_muxf7_I0_O)      0.143    10.460 f  u_game/head_idx_reg[7]_i_20/O
                         net (fo=1, routed)           0.000    10.460    u_game/head_idx_reg[7]_i_20_n_0
    SLICE_X26Y59         MUXF8 (Prop_muxf8_I0_O)      0.056    10.516 f  u_game/head_idx_reg[7]_i_10/O
                         net (fo=2, routed)           0.767    11.283    u_game/head_idx_reg[7]_i_10_n_0
    SLICE_X26Y38         LUT5 (Prop_lut5_I0_O)        0.153    11.436 r  u_game/head_idx[7]_i_4/O
                         net (fo=5, routed)           0.647    12.083    u_game/head_idx[7]_i_4_n_0
    SLICE_X26Y29         LUT6 (Prop_lut6_I3_O)        0.053    12.136 r  u_game/snake_x[0][5]_i_2/O
                         net (fo=85, routed)          1.233    13.369    u_game/snake_x[0][5]_i_2_n_0
    SLICE_X42Y7          LUT6 (Prop_lut6_I0_O)        0.053    13.422 r  u_game/snake_x[140][5]_i_1/O
                         net (fo=11, routed)          0.709    14.132    u_game/snake_x[140][5]_i_1_n_0
    SLICE_X53Y4          FDRE                                         r  u_game/snake_x_reg[140][1]/CE
  -------------------------------------------------------------------    -------------------

                         (clock clk100MHZ rise edge)
                                                     10.000    10.000 r  
    AC18                                              0.000    10.000 r  clk (IN)
                         net (fo=0)                   0.000    10.000    clk
    AC18                 IBUF (Prop_ibuf_I_O)         0.620    10.620 r  clk_IBUF_inst/O
                         net (fo=1, routed)           2.447    13.067    clk_IBUF
    BUFGCTRL_X0Y0        BUFG (Prop_bufg_I_O)         0.113    13.180 r  clk_IBUF_BUFG_inst/O
                         net (fo=4426, routed)        1.670    14.850    u_game/clk_IBUF_BUFG
    SLICE_X53Y4          FDRE                                         r  u_game/snake_x_reg[140][1]/C
                         clock pessimism              0.335    15.185    
                         clock uncertainty           -0.035    15.150    
    SLICE_X53Y4          FDRE (Setup_fdre_C_CE)      -0.244    14.906    u_game/snake_x_reg[140][1]
  -------------------------------------------------------------------
                         required time                         14.906    
                         arrival time                         -14.132    
  -------------------------------------------------------------------
                         slack                                  0.774    

Slack (MET) :             0.778ns  (required time - arrival time)
  Source:                 u_game/next_dir_reg[1]/C
                            (rising edge-triggered cell FDPE clocked by clk100MHZ  {rise@0.000ns fall@5.000ns period=10.000ns})
  Destination:            u_game/snake_x_reg[136][1]/CE
                            (rising edge-triggered cell FDRE clocked by clk100MHZ  {rise@0.000ns fall@5.000ns period=10.000ns})
  Path Group:             clk100MHZ
  Path Type:              Setup (Max at Slow Process Corner)
  Requirement:            10.000ns  (clk100MHZ rise@10.000ns - clk100MHZ rise@0.000ns)
  Data Path Delay:        8.867ns  (logic 2.018ns (22.759%)  route 6.849ns (77.241%))
  Logic Levels:           10  (CARRY4=2 LUT3=1 LUT5=1 LUT6=3 MUXF7=1 MUXF8=2)
  Clock Path Skew:        -0.076ns (DCD - SCD + CPR)
    Destination Clock Delay (DCD):    4.851ns = ( 14.851 - 10.000 ) 
    Source Clock Delay      (SCD):    5.262ns
    Clock Pessimism Removal (CPR):    0.335ns
  Clock Uncertainty:      0.035ns  ((TSJ^2 + TIJ^2)^1/2 + DJ) / 2 + PE
    Total System Jitter     (TSJ):    0.071ns
    Total Input Jitter      (TIJ):    0.000ns
    Discrete Jitter          (DJ):    0.000ns
    Phase Error              (PE):    0.000ns

    Location             Delay type                Incr(ns)  Path(ns)    Netlist Resource(s)
  -------------------------------------------------------------------    -------------------
                         (clock clk100MHZ rise edge)
                                                      0.000     0.000 r  
    AC18                                              0.000     0.000 r  clk (IN)
                         net (fo=0)                   0.000     0.000    clk
    AC18                 IBUF (Prop_ibuf_I_O)         0.745     0.745 r  clk_IBUF_inst/O
                         net (fo=1, routed)           2.564     3.309    clk_IBUF
    BUFGCTRL_X0Y0        BUFG (Prop_bufg_I_O)         0.120     3.429 r  clk_IBUF_BUFG_inst/O
                         net (fo=4426, routed)        1.833     5.262    u_game/clk_IBUF_BUFG
    SLICE_X20Y31         FDPE                                         r  u_game/next_dir_reg[1]/C
  -------------------------------------------------------------------    -------------------
    SLICE_X20Y31         FDPE (Prop_fdpe_C_Q)         0.308     5.570 r  u_game/next_dir_reg[1]/Q
                         net (fo=28, routed)          0.754     6.324    u_game/next_dir_reg_n_0_[1]
    SLICE_X21Y37         LUT3 (Prop_lut3_I1_O)        0.053     6.377 r  u_game/snake_x[3][3]_i_7/O
                         net (fo=1, routed)           0.000     6.377    u_game/snake_x[3][3]_i_7_n_0
    SLICE_X21Y37         CARRY4 (Prop_carry4_S[1]_O[2])
                                                      0.345     6.722 r  u_game/snake_x_reg[3][3]_i_1/O[2]
                         net (fo=258, routed)         0.787     7.509    u_game/snake_x_reg[3][3]_i_1_n_5
    SLICE_X20Y50         CARRY4 (Prop_carry4_S[0]_O[1])
                                                      0.423     7.932 r  u_game/head_idx_reg[7]_i_22/O[1]
                         net (fo=139, routed)         1.208     9.140    u_game/head_idx_reg[7]_i_22_n_6
    SLICE_X42Y58         MUXF8 (Prop_muxf8_S_O)       0.275     9.415 f  u_game/head_idx_reg[7]_i_78/O
                         net (fo=1, routed)           0.746    10.161    u_game/head_idx_reg[7]_i_78_n_0
    SLICE_X26Y59         LUT6 (Prop_lut6_I5_O)        0.156    10.317 f  u_game/head_idx[7]_i_40/O
                         net (fo=1, routed)           0.000    10.317    u_game/head_idx[7]_i_40_n_0
    SLICE_X26Y59         MUXF7 (Prop_muxf7_I0_O)      0.143    10.460 f  u_game/head_idx_reg[7]_i_20/O
                         net (fo=1, routed)           0.000    10.460    u_game/head_idx_reg[7]_i_20_n_0
    SLICE_X26Y59         MUXF8 (Prop_muxf8_I0_O)      0.056    10.516 f  u_game/head_idx_reg[7]_i_10/O
                         net (fo=2, routed)           0.767    11.283    u_game/head_idx_reg[7]_i_10_n_0
    SLICE_X26Y38         LUT5 (Prop_lut5_I0_O)        0.153    11.436 r  u_game/head_idx[7]_i_4/O
                         net (fo=5, routed)           0.647    12.083    u_game/head_idx[7]_i_4_n_0
    SLICE_X26Y29         LUT6 (Prop_lut6_I3_O)        0.053    12.136 r  u_game/snake_x[0][5]_i_2/O
                         net (fo=85, routed)          1.264    13.400    u_game/snake_x[0][5]_i_2_n_0
    SLICE_X38Y4          LUT6 (Prop_lut6_I1_O)        0.053    13.453 r  u_game/snake_x[136][5]_i_1/O
                         net (fo=11, routed)          0.677    14.129    u_game/snake_x[136][5]_i_1_n_0
    SLICE_X51Y2          FDRE                                         r  u_game/snake_x_reg[136][1]/CE
  -------------------------------------------------------------------    -------------------

                         (clock clk100MHZ rise edge)
                                                     10.000    10.000 r  
    AC18                                              0.000    10.000 r  clk (IN)
                         net (fo=0)                   0.000    10.000    clk
    AC18                 IBUF (Prop_ibuf_I_O)         0.620    10.620 r  clk_IBUF_inst/O
                         net (fo=1, routed)           2.447    13.067    clk_IBUF
    BUFGCTRL_X0Y0        BUFG (Prop_bufg_I_O)         0.113    13.180 r  clk_IBUF_BUFG_inst/O
                         net (fo=4426, routed)        1.671    14.851    u_game/clk_IBUF_BUFG
    SLICE_X51Y2          FDRE                                         r  u_game/snake_x_reg[136][1]/C
                         clock pessimism              0.335    15.186    
                         clock uncertainty           -0.035    15.151    
    SLICE_X51Y2          FDRE (Setup_fdre_C_CE)      -0.244    14.907    u_game/snake_x_reg[136][1]
  -------------------------------------------------------------------
                         required time                         14.907    
                         arrival time                         -14.129    
  -------------------------------------------------------------------
                         slack                                  0.778    

Slack (MET) :             0.778ns  (required time - arrival time)
  Source:                 u_game/next_dir_reg[1]/C
                            (rising edge-triggered cell FDPE clocked by clk100MHZ  {rise@0.000ns fall@5.000ns period=10.000ns})
  Destination:            u_game/snake_x_reg[136][5]/CE
                            (rising edge-triggered cell FDRE clocked by clk100MHZ  {rise@0.000ns fall@5.000ns period=10.000ns})
  Path Group:             clk100MHZ
  Path Type:              Setup (Max at Slow Process Corner)
  Requirement:            10.000ns  (clk100MHZ rise@10.000ns - clk100MHZ rise@0.000ns)
  Data Path Delay:        8.867ns  (logic 2.018ns (22.759%)  route 6.849ns (77.241%))
  Logic Levels:           10  (CARRY4=2 LUT3=1 LUT5=1 LUT6=3 MUXF7=1 MUXF8=2)
  Clock Path Skew:        -0.076ns (DCD - SCD + CPR)
    Destination Clock Delay (DCD):    4.851ns = ( 14.851 - 10.000 ) 
    Source Clock Delay      (SCD):    5.262ns
    Clock Pessimism Removal (CPR):    0.335ns
  Clock Uncertainty:      0.035ns  ((TSJ^2 + TIJ^2)^1/2 + DJ) / 2 + PE
    Total System Jitter     (TSJ):    0.071ns
    Total Input Jitter      (TIJ):    0.000ns
    Discrete Jitter          (DJ):    0.000ns
    Phase Error              (PE):    0.000ns

    Location             Delay type                Incr(ns)  Path(ns)    Netlist Resource(s)
  -------------------------------------------------------------------    -------------------
                         (clock clk100MHZ rise edge)
                                                      0.000     0.000 r  
    AC18                                              0.000     0.000 r  clk (IN)
                         net (fo=0)                   0.000     0.000    clk
    AC18                 IBUF (Prop_ibuf_I_O)         0.745     0.745 r  clk_IBUF_inst/O
                         net (fo=1, routed)           2.564     3.309    clk_IBUF
    BUFGCTRL_X0Y0        BUFG (Prop_bufg_I_O)         0.120     3.429 r  clk_IBUF_BUFG_inst/O
                         net (fo=4426, routed)        1.833     5.262    u_game/clk_IBUF_BUFG
    SLICE_X20Y31         FDPE                                         r  u_game/next_dir_reg[1]/C
  -------------------------------------------------------------------    -------------------
    SLICE_X20Y31         FDPE (Prop_fdpe_C_Q)         0.308     5.570 r  u_game/next_dir_reg[1]/Q
                         net (fo=28, routed)          0.754     6.324    u_game/next_dir_reg_n_0_[1]
    SLICE_X21Y37         LUT3 (Prop_lut3_I1_O)        0.053     6.377 r  u_game/snake_x[3][3]_i_7/O
                         net (fo=1, routed)           0.000     6.377    u_game/snake_x[3][3]_i_7_n_0
    SLICE_X21Y37         CARRY4 (Prop_carry4_S[1]_O[2])
                                                      0.345     6.722 r  u_game/snake_x_reg[3][3]_i_1/O[2]
                         net (fo=258, routed)         0.787     7.509    u_game/snake_x_reg[3][3]_i_1_n_5
    SLICE_X20Y50         CARRY4 (Prop_carry4_S[0]_O[1])
                                                      0.423     7.932 r  u_game/head_idx_reg[7]_i_22/O[1]
                         net (fo=139, routed)         1.208     9.140    u_game/head_idx_reg[7]_i_22_n_6
    SLICE_X42Y58         MUXF8 (Prop_muxf8_S_O)       0.275     9.415 f  u_game/head_idx_reg[7]_i_78/O
                         net (fo=1, routed)           0.746    10.161    u_game/head_idx_reg[7]_i_78_n_0
    SLICE_X26Y59         LUT6 (Prop_lut6_I5_O)        0.156    10.317 f  u_game/head_idx[7]_i_40/O
                         net (fo=1, routed)           0.000    10.317    u_game/head_idx[7]_i_40_n_0
    SLICE_X26Y59         MUXF7 (Prop_muxf7_I0_O)      0.143    10.460 f  u_game/head_idx_reg[7]_i_20/O
                         net (fo=1, routed)           0.000    10.460    u_game/head_idx_reg[7]_i_20_n_0
    SLICE_X26Y59         MUXF8 (Prop_muxf8_I0_O)      0.056    10.516 f  u_game/head_idx_reg[7]_i_10/O
                         net (fo=2, routed)           0.767    11.283    u_game/head_idx_reg[7]_i_10_n_0
    SLICE_X26Y38         LUT5 (Prop_lut5_I0_O)        0.153    11.436 r  u_game/head_idx[7]_i_4/O
                         net (fo=5, routed)           0.647    12.083    u_game/head_idx[7]_i_4_n_0
    SLICE_X26Y29         LUT6 (Prop_lut6_I3_O)        0.053    12.136 r  u_game/snake_x[0][5]_i_2/O
                         net (fo=85, routed)          1.264    13.400    u_game/snake_x[0][5]_i_2_n_0
    SLICE_X38Y4          LUT6 (Prop_lut6_I1_O)        0.053    13.453 r  u_game/snake_x[136][5]_i_1/O
                         net (fo=11, routed)          0.677    14.129    u_game/snake_x[136][5]_i_1_n_0
    SLICE_X51Y2          FDRE                                         r  u_game/snake_x_reg[136][5]/CE
  -------------------------------------------------------------------    -------------------

                         (clock clk100MHZ rise edge)
                                                     10.000    10.000 r  
    AC18                                              0.000    10.000 r  clk (IN)
                         net (fo=0)                   0.000    10.000    clk
    AC18                 IBUF (Prop_ibuf_I_O)         0.620    10.620 r  clk_IBUF_inst/O
                         net (fo=1, routed)           2.447    13.067    clk_IBUF
    BUFGCTRL_X0Y0        BUFG (Prop_bufg_I_O)         0.113    13.180 r  clk_IBUF_BUFG_inst/O
                         net (fo=4426, routed)        1.671    14.851    u_game/clk_IBUF_BUFG
    SLICE_X51Y2          FDRE                                         r  u_game/snake_x_reg[136][5]/C
                         clock pessimism              0.335    15.186    
                         clock uncertainty           -0.035    15.151    
    SLICE_X51Y2          FDRE (Setup_fdre_C_CE)      -0.244    14.907    u_game/snake_x_reg[136][5]
  -------------------------------------------------------------------
                         required time                         14.907    
                         arrival time                         -14.129    
  -------------------------------------------------------------------
                         slack                                  0.778    

Slack (MET) :             0.783ns  (required time - arrival time)
  Source:                 u_game/next_dir_reg[1]/C
                            (rising edge-triggered cell FDPE clocked by clk100MHZ  {rise@0.000ns fall@5.000ns period=10.000ns})
  Destination:            u_game/snake_x_reg[143][5]/CE
                            (rising edge-triggered cell FDRE clocked by clk100MHZ  {rise@0.000ns fall@5.000ns period=10.000ns})
  Path Group:             clk100MHZ
  Path Type:              Setup (Max at Slow Process Corner)
  Requirement:            10.000ns  (clk100MHZ rise@10.000ns - clk100MHZ rise@0.000ns)
  Data Path Delay:        8.887ns  (logic 2.018ns (22.708%)  route 6.869ns (77.292%))
  Logic Levels:           10  (CARRY4=2 LUT3=1 LUT5=1 LUT6=3 MUXF7=1 MUXF8=2)
  Clock Path Skew:        -0.076ns (DCD - SCD + CPR)
    Destination Clock Delay (DCD):    4.851ns = ( 14.851 - 10.000 ) 
    Source Clock Delay      (SCD):    5.262ns
    Clock Pessimism Removal (CPR):    0.335ns
  Clock Uncertainty:      0.035ns  ((TSJ^2 + TIJ^2)^1/2 + DJ) / 2 + PE
    Total System Jitter     (TSJ):    0.071ns
    Total Input Jitter      (TIJ):    0.000ns
    Discrete Jitter          (DJ):    0.000ns
    Phase Error              (PE):    0.000ns

    Location             Delay type                Incr(ns)  Path(ns)    Netlist Resource(s)
  -------------------------------------------------------------------    -------------------
                         (clock clk100MHZ rise edge)
                                                      0.000     0.000 r  
    AC18                                              0.000     0.000 r  clk (IN)
                         net (fo=0)                   0.000     0.000    clk
    AC18                 IBUF (Prop_ibuf_I_O)         0.745     0.745 r  clk_IBUF_inst/O
                         net (fo=1, routed)           2.564     3.309    clk_IBUF
    BUFGCTRL_X0Y0        BUFG (Prop_bufg_I_O)         0.120     3.429 r  clk_IBUF_BUFG_inst/O
                         net (fo=4426, routed)        1.833     5.262    u_game/clk_IBUF_BUFG
    SLICE_X20Y31         FDPE                                         r  u_game/next_dir_reg[1]/C
  -------------------------------------------------------------------    -------------------
    SLICE_X20Y31         FDPE (Prop_fdpe_C_Q)         0.308     5.570 r  u_game/next_dir_reg[1]/Q
                         net (fo=28, routed)          0.754     6.324    u_game/next_dir_reg_n_0_[1]
    SLICE_X21Y37         LUT3 (Prop_lut3_I1_O)        0.053     6.377 r  u_game/snake_x[3][3]_i_7/O
                         net (fo=1, routed)           0.000     6.377    u_game/snake_x[3][3]_i_7_n_0
    SLICE_X21Y37         CARRY4 (Prop_carry4_S[1]_O[2])
                                                      0.345     6.722 r  u_game/snake_x_reg[3][3]_i_1/O[2]
                         net (fo=258, routed)         0.787     7.509    u_game/snake_x_reg[3][3]_i_1_n_5
    SLICE_X20Y50         CARRY4 (Prop_carry4_S[0]_O[1])
                                                      0.423     7.932 r  u_game/head_idx_reg[7]_i_22/O[1]
                         net (fo=139, routed)         1.208     9.140    u_game/head_idx_reg[7]_i_22_n_6
    SLICE_X42Y58         MUXF8 (Prop_muxf8_S_O)       0.275     9.415 f  u_game/head_idx_reg[7]_i_78/O
                         net (fo=1, routed)           0.746    10.161    u_game/head_idx_reg[7]_i_78_n_0
    SLICE_X26Y59         LUT6 (Prop_lut6_I5_O)        0.156    10.317 f  u_game/head_idx[7]_i_40/O
                         net (fo=1, routed)           0.000    10.317    u_game/head_idx[7]_i_40_n_0
    SLICE_X26Y59         MUXF7 (Prop_muxf7_I0_O)      0.143    10.460 f  u_game/head_idx_reg[7]_i_20/O
                         net (fo=1, routed)           0.000    10.460    u_game/head_idx_reg[7]_i_20_n_0
    SLICE_X26Y59         MUXF8 (Prop_muxf8_I0_O)      0.056    10.516 f  u_game/head_idx_reg[7]_i_10/O
                         net (fo=2, routed)           0.767    11.283    u_game/head_idx_reg[7]_i_10_n_0
    SLICE_X26Y38         LUT5 (Prop_lut5_I0_O)        0.153    11.436 r  u_game/head_idx[7]_i_4/O
                         net (fo=5, routed)           0.647    12.083    u_game/head_idx[7]_i_4_n_0
    SLICE_X26Y29         LUT6 (Prop_lut6_I3_O)        0.053    12.136 r  u_game/snake_x[0][5]_i_2/O
                         net (fo=85, routed)          1.265    13.401    u_game/snake_x[0][5]_i_2_n_0
    SLICE_X43Y4          LUT6 (Prop_lut6_I1_O)        0.053    13.454 r  u_game/snake_x[143][5]_i_1/O
                         net (fo=11, routed)          0.695    14.149    u_game/snake_x[143][5]_i_1_n_0
    SLICE_X50Y0          FDRE                                         r  u_game/snake_x_reg[143][5]/CE
  -------------------------------------------------------------------    -------------------

                         (clock clk100MHZ rise edge)
                                                     10.000    10.000 r  
    AC18                                              0.000    10.000 r  clk (IN)
                         net (fo=0)                   0.000    10.000    clk
    AC18                 IBUF (Prop_ibuf_I_O)         0.620    10.620 r  clk_IBUF_inst/O
                         net (fo=1, routed)           2.447    13.067    clk_IBUF
    BUFGCTRL_X0Y0        BUFG (Prop_bufg_I_O)         0.113    13.180 r  clk_IBUF_BUFG_inst/O
                         net (fo=4426, routed)        1.671    14.851    u_game/clk_IBUF_BUFG
    SLICE_X50Y0          FDRE                                         r  u_game/snake_x_reg[143][5]/C
                         clock pessimism              0.335    15.186    
                         clock uncertainty           -0.035    15.151    
    SLICE_X50Y0          FDRE (Setup_fdre_C_CE)      -0.219    14.932    u_game/snake_x_reg[143][5]
  -------------------------------------------------------------------
                         required time                         14.932    
                         arrival time                         -14.149    
  -------------------------------------------------------------------
                         slack                                  0.783    

Slack (MET) :             0.784ns  (required time - arrival time)
  Source:                 u_game/next_dir_reg[1]/C
                            (rising edge-triggered cell FDPE clocked by clk100MHZ  {rise@0.000ns fall@5.000ns period=10.000ns})
  Destination:            u_game/snake_x_reg[139][5]/CE
                            (rising edge-triggered cell FDRE clocked by clk100MHZ  {rise@0.000ns fall@5.000ns period=10.000ns})
  Path Group:             clk100MHZ
  Path Type:              Setup (Max at Slow Process Corner)
  Requirement:            10.000ns  (clk100MHZ rise@10.000ns - clk100MHZ rise@0.000ns)
  Data Path Delay:        8.861ns  (logic 2.018ns (22.775%)  route 6.843ns (77.225%))
  Logic Levels:           10  (CARRY4=2 LUT3=1 LUT5=1 LUT6=3 MUXF7=1 MUXF8=2)
  Clock Path Skew:        -0.076ns (DCD - SCD + CPR)
    Destination Clock Delay (DCD):    4.851ns = ( 14.851 - 10.000 ) 
    Source Clock Delay      (SCD):    5.262ns
    Clock Pessimism Removal (CPR):    0.335ns
  Clock Uncertainty:      0.035ns  ((TSJ^2 + TIJ^2)^1/2 + DJ) / 2 + PE
    Total System Jitter     (TSJ):    0.071ns
    Total Input Jitter      (TIJ):    0.000ns
    Discrete Jitter          (DJ):    0.000ns
    Phase Error              (PE):    0.000ns

    Location             Delay type                Incr(ns)  Path(ns)    Netlist Resource(s)
  -------------------------------------------------------------------    -------------------
                         (clock clk100MHZ rise edge)
                                                      0.000     0.000 r  
    AC18                                              0.000     0.000 r  clk (IN)
                         net (fo=0)                   0.000     0.000    clk
    AC18                 IBUF (Prop_ibuf_I_O)         0.745     0.745 r  clk_IBUF_inst/O
                         net (fo=1, routed)           2.564     3.309    clk_IBUF
    BUFGCTRL_X0Y0        BUFG (Prop_bufg_I_O)         0.120     3.429 r  clk_IBUF_BUFG_inst/O
                         net (fo=4426, routed)        1.833     5.262    u_game/clk_IBUF_BUFG
    SLICE_X20Y31         FDPE                                         r  u_game/next_dir_reg[1]/C
  -------------------------------------------------------------------    -------------------
    SLICE_X20Y31         FDPE (Prop_fdpe_C_Q)         0.308     5.570 r  u_game/next_dir_reg[1]/Q
                         net (fo=28, routed)          0.754     6.324    u_game/next_dir_reg_n_0_[1]
    SLICE_X21Y37         LUT3 (Prop_lut3_I1_O)        0.053     6.377 r  u_game/snake_x[3][3]_i_7/O
                         net (fo=1, routed)           0.000     6.377    u_game/snake_x[3][3]_i_7_n_0
    SLICE_X21Y37         CARRY4 (Prop_carry4_S[1]_O[2])
                                                      0.345     6.722 r  u_game/snake_x_reg[3][3]_i_1/O[2]
                         net (fo=258, routed)         0.787     7.509    u_game/snake_x_reg[3][3]_i_1_n_5
    SLICE_X20Y50         CARRY4 (Prop_carry4_S[0]_O[1])
                                                      0.423     7.932 r  u_game/head_idx_reg[7]_i_22/O[1]
                         net (fo=139, routed)         1.208     9.140    u_game/head_idx_reg[7]_i_22_n_6
    SLICE_X42Y58         MUXF8 (Prop_muxf8_S_O)       0.275     9.415 f  u_game/head_idx_reg[7]_i_78/O
                         net (fo=1, routed)           0.746    10.161    u_game/head_idx_reg[7]_i_78_n_0
    SLICE_X26Y59         LUT6 (Prop_lut6_I5_O)        0.156    10.317 f  u_game/head_idx[7]_i_40/O
                         net (fo=1, routed)           0.000    10.317    u_game/head_idx[7]_i_40_n_0
    SLICE_X26Y59         MUXF7 (Prop_muxf7_I0_O)      0.143    10.460 f  u_game/head_idx_reg[7]_i_20/O
                         net (fo=1, routed)           0.000    10.460    u_game/head_idx_reg[7]_i_20_n_0
    SLICE_X26Y59         MUXF8 (Prop_muxf8_I0_O)      0.056    10.516 f  u_game/head_idx_reg[7]_i_10/O
                         net (fo=2, routed)           0.767    11.283    u_game/head_idx_reg[7]_i_10_n_0
    SLICE_X26Y38         LUT5 (Prop_lut5_I0_O)        0.153    11.436 r  u_game/head_idx[7]_i_4/O
                         net (fo=5, routed)           0.647    12.083    u_game/head_idx[7]_i_4_n_0
    SLICE_X26Y29         LUT6 (Prop_lut6_I3_O)        0.053    12.136 r  u_game/snake_x[0][5]_i_2/O
                         net (fo=85, routed)          1.228    13.364    u_game/snake_x[0][5]_i_2_n_0
    SLICE_X41Y4          LUT6 (Prop_lut6_I1_O)        0.053    13.417 r  u_game/snake_x[139][5]_i_1/O
                         net (fo=11, routed)          0.706    14.123    u_game/snake_x[139][5]_i_1_n_0
    SLICE_X51Y1          FDRE                                         r  u_game/snake_x_reg[139][5]/CE
  -------------------------------------------------------------------    -------------------

                         (clock clk100MHZ rise edge)
                                                     10.000    10.000 r  
    AC18                                              0.000    10.000 r  clk (IN)
                         net (fo=0)                   0.000    10.000    clk
    AC18                 IBUF (Prop_ibuf_I_O)         0.620    10.620 r  clk_IBUF_inst/O
                         net (fo=1, routed)           2.447    13.067    clk_IBUF
    BUFGCTRL_X0Y0        BUFG (Prop_bufg_I_O)         0.113    13.180 r  clk_IBUF_BUFG_inst/O
                         net (fo=4426, routed)        1.671    14.851    u_game/clk_IBUF_BUFG
    SLICE_X51Y1          FDRE                                         r  u_game/snake_x_reg[139][5]/C
                         clock pessimism              0.335    15.186    
                         clock uncertainty           -0.035    15.151    
    SLICE_X51Y1          FDRE (Setup_fdre_C_CE)      -0.244    14.907    u_game/snake_x_reg[139][5]
  -------------------------------------------------------------------
                         required time                         14.907    
                         arrival time                         -14.123    
  -------------------------------------------------------------------
                         slack                                  0.784    





Min Delay Paths
--------------------------------------------------------------------------------------
Slack (MET) :             0.108ns  (arrival time - required time)
  Source:                 u_db0/sync1_reg/C
                            (rising edge-triggered cell FDRE clocked by clk100MHZ  {rise@0.000ns fall@5.000ns period=10.000ns})
  Destination:            u_db0/sync2_reg/D
                            (rising edge-triggered cell FDRE clocked by clk100MHZ  {rise@0.000ns fall@5.000ns period=10.000ns})
  Path Group:             clk100MHZ
  Path Type:              Hold (Min at Fast Process Corner)
  Requirement:            0.000ns  (clk100MHZ rise@0.000ns - clk100MHZ rise@0.000ns)
  Data Path Delay:        0.155ns  (logic 0.100ns (64.432%)  route 0.055ns (35.568%))
  Logic Levels:           0  
  Clock Path Skew:        0.000ns (DCD - SCD - CPR)
    Destination Clock Delay (DCD):    2.396ns
    Source Clock Delay      (SCD):    1.920ns
    Clock Pessimism Removal (CPR):    0.476ns

    Location             Delay type                Incr(ns)  Path(ns)    Netlist Resource(s)
  -------------------------------------------------------------------    -------------------
                         (clock clk100MHZ rise edge)
                                                      0.000     0.000 r  
    AC18                                              0.000     0.000 r  clk (IN)
                         net (fo=0)                   0.000     0.000    clk
    AC18                 IBUF (Prop_ibuf_I_O)         0.146     0.146 r  clk_IBUF_inst/O
                         net (fo=1, routed)           1.074     1.220    clk_IBUF
    BUFGCTRL_X0Y0        BUFG (Prop_bufg_I_O)         0.026     1.246 r  clk_IBUF_BUFG_inst/O
                         net (fo=4426, routed)        0.674     1.920    u_db0/clk_IBUF_BUFG
    SLICE_X9Y26          FDRE                                         r  u_db0/sync1_reg/C
  -------------------------------------------------------------------    -------------------
    SLICE_X9Y26          FDRE (Prop_fdre_C_Q)         0.100     2.020 r  u_db0/sync1_reg/Q
                         net (fo=1, routed)           0.055     2.075    u_db0/sync1
    SLICE_X9Y26          FDRE                                         r  u_db0/sync2_reg/D
  -------------------------------------------------------------------    -------------------

                         (clock clk100MHZ rise edge)
                                                      0.000     0.000 r  
    AC18                                              0.000     0.000 r  clk (IN)
                         net (fo=0)                   0.000     0.000    clk
    AC18                 IBUF (Prop_ibuf_I_O)         0.312     0.312 r  clk_IBUF_inst/O
                         net (fo=1, routed)           1.143     1.455    clk_IBUF
    BUFGCTRL_X0Y0        BUFG (Prop_bufg_I_O)         0.030     1.485 r  clk_IBUF_BUFG_inst/O
                         net (fo=4426, routed)        0.911     2.396    u_db0/clk_IBUF_BUFG
    SLICE_X9Y26          FDRE                                         r  u_db0/sync2_reg/C
                         clock pessimism             -0.476     1.920    
    SLICE_X9Y26          FDRE (Hold_fdre_C_D)         0.047     1.967    u_db0/sync2_reg
  -------------------------------------------------------------------
                         required time                         -1.967    
                         arrival time                           2.075    
  -------------------------------------------------------------------
                         slack                                  0.108    

Slack (MET) :             0.108ns  (arrival time - required time)
  Source:                 u_db3/sync1_reg/C
                            (rising edge-triggered cell FDRE clocked by clk100MHZ  {rise@0.000ns fall@5.000ns period=10.000ns})
  Destination:            u_db3/sync2_reg/D
                            (rising edge-triggered cell FDRE clocked by clk100MHZ  {rise@0.000ns fall@5.000ns period=10.000ns})
  Path Group:             clk100MHZ
  Path Type:              Hold (Min at Fast Process Corner)
  Requirement:            0.000ns  (clk100MHZ rise@0.000ns - clk100MHZ rise@0.000ns)
  Data Path Delay:        0.155ns  (logic 0.100ns (64.432%)  route 0.055ns (35.568%))
  Logic Levels:           0  
  Clock Path Skew:        0.000ns (DCD - SCD - CPR)
    Destination Clock Delay (DCD):    2.400ns
    Source Clock Delay      (SCD):    1.923ns
    Clock Pessimism Removal (CPR):    0.477ns

    Location             Delay type                Incr(ns)  Path(ns)    Netlist Resource(s)
  -------------------------------------------------------------------    -------------------
                         (clock clk100MHZ rise edge)
                                                      0.000     0.000 r  
    AC18                                              0.000     0.000 r  clk (IN)
                         net (fo=0)                   0.000     0.000    clk
    AC18                 IBUF (Prop_ibuf_I_O)         0.146     0.146 r  clk_IBUF_inst/O
                         net (fo=1, routed)           1.074     1.220    clk_IBUF
    BUFGCTRL_X0Y0        BUFG (Prop_bufg_I_O)         0.026     1.246 r  clk_IBUF_BUFG_inst/O
                         net (fo=4426, routed)        0.677     1.923    u_db3/clk_IBUF_BUFG
    SLICE_X9Y20          FDRE                                         r  u_db3/sync1_reg/C
  -------------------------------------------------------------------    -------------------
    SLICE_X9Y20          FDRE (Prop_fdre_C_Q)         0.100     2.023 r  u_db3/sync1_reg/Q
                         net (fo=1, routed)           0.055     2.078    u_db3/sync1_reg_n_0
    SLICE_X9Y20          FDRE                                         r  u_db3/sync2_reg/D
  -------------------------------------------------------------------    -------------------

                         (clock clk100MHZ rise edge)
                                                      0.000     0.000 r  
    AC18                                              0.000     0.000 r  clk (IN)
                         net (fo=0)                   0.000     0.000    clk
    AC18                 IBUF (Prop_ibuf_I_O)         0.312     0.312 r  clk_IBUF_inst/O
                         net (fo=1, routed)           1.143     1.455    clk_IBUF
    BUFGCTRL_X0Y0        BUFG (Prop_bufg_I_O)         0.030     1.485 r  clk_IBUF_BUFG_inst/O
                         net (fo=4426, routed)        0.915     2.400    u_db3/clk_IBUF_BUFG
    SLICE_X9Y20          FDRE                                         r  u_db3/sync2_reg/C
                         clock pessimism             -0.477     1.923    
    SLICE_X9Y20          FDRE (Hold_fdre_C_D)         0.047     1.970    u_db3/sync2_reg
  -------------------------------------------------------------------
                         required time                         -1.970    
                         arrival time                           2.078    
  -------------------------------------------------------------------
                         slack                                  0.108    

Slack (MET) :             0.108ns  (arrival time - required time)
  Source:                 u_dbs/sync1_reg/C
                            (rising edge-triggered cell FDRE clocked by clk100MHZ  {rise@0.000ns fall@5.000ns period=10.000ns})
  Destination:            u_dbs/sync2_reg/D
                            (rising edge-triggered cell FDRE clocked by clk100MHZ  {rise@0.000ns fall@5.000ns period=10.000ns})
  Path Group:             clk100MHZ
  Path Type:              Hold (Min at Fast Process Corner)
  Requirement:            0.000ns  (clk100MHZ rise@0.000ns - clk100MHZ rise@0.000ns)
  Data Path Delay:        0.155ns  (logic 0.100ns (64.432%)  route 0.055ns (35.568%))
  Logic Levels:           0  
  Clock Path Skew:        0.000ns (DCD - SCD - CPR)
    Destination Clock Delay (DCD):    2.433ns
    Source Clock Delay      (SCD):    1.956ns
    Clock Pessimism Removal (CPR):    0.477ns

    Location             Delay type                Incr(ns)  Path(ns)    Netlist Resource(s)
  -------------------------------------------------------------------    -------------------
                         (clock clk100MHZ rise edge)
                                                      0.000     0.000 r  
    AC18                                              0.000     0.000 r  clk (IN)
                         net (fo=0)                   0.000     0.000    clk
    AC18                 IBUF (Prop_ibuf_I_O)         0.146     0.146 r  clk_IBUF_inst/O
                         net (fo=1, routed)           1.074     1.220    clk_IBUF
    BUFGCTRL_X0Y0        BUFG (Prop_bufg_I_O)         0.026     1.246 r  clk_IBUF_BUFG_inst/O
                         net (fo=4426, routed)        0.710     1.956    u_dbs/clk_IBUF_BUFG
    SLICE_X7Y32          FDRE                                         r  u_dbs/sync1_reg/C
  -------------------------------------------------------------------    -------------------
    SLICE_X7Y32          FDRE (Prop_fdre_C_Q)         0.100     2.056 r  u_dbs/sync1_reg/Q
                         net (fo=1, routed)           0.055     2.111    u_dbs/sync1_reg_n_0
    SLICE_X7Y32          FDRE                                         r  u_dbs/sync2_reg/D
  -------------------------------------------------------------------    -------------------

                         (clock clk100MHZ rise edge)
                                                      0.000     0.000 r  
    AC18                                              0.000     0.000 r  clk (IN)
                         net (fo=0)                   0.000     0.000    clk
    AC18                 IBUF (Prop_ibuf_I_O)         0.312     0.312 r  clk_IBUF_inst/O
                         net (fo=1, routed)           1.143     1.455    clk_IBUF
    BUFGCTRL_X0Y0        BUFG (Prop_bufg_I_O)         0.030     1.485 r  clk_IBUF_BUFG_inst/O
                         net (fo=4426, routed)        0.948     2.433    u_dbs/clk_IBUF_BUFG
    SLICE_X7Y32          FDRE                                         r  u_dbs/sync2_reg/C
                         clock pessimism             -0.477     1.956    
    SLICE_X7Y32          FDRE (Hold_fdre_C_D)         0.047     2.003    u_dbs/sync2_reg
  -------------------------------------------------------------------
                         required time                         -2.003    
                         arrival time                           2.111    
  -------------------------------------------------------------------
                         slack                                  0.108    

Slack (MET) :             0.128ns  (arrival time - required time)
  Source:                 u_clkdiv/vga_cnt_reg[0]/C
                            (rising edge-triggered cell FDCE clocked by clk100MHZ  {rise@0.000ns fall@5.000ns period=10.000ns})
  Destination:            u_clkdiv/vga_ce_reg/D
                            (rising edge-triggered cell FDRE clocked by clk100MHZ  {rise@0.000ns fall@5.000ns period=10.000ns})
  Path Group:             clk100MHZ
  Path Type:              Hold (Min at Fast Process Corner)
  Requirement:            0.000ns  (clk100MHZ rise@0.000ns - clk100MHZ rise@0.000ns)
  Data Path Delay:        0.246ns  (logic 0.128ns (52.093%)  route 0.118ns (47.907%))
  Logic Levels:           1  (LUT2=1)
  Clock Path Skew:        0.031ns (DCD - SCD - CPR)
    Destination Clock Delay (DCD):    2.406ns
    Source Clock Delay      (SCD):    1.928ns
    Clock Pessimism Removal (CPR):    0.447ns

    Location             Delay type                Incr(ns)  Path(ns)    Netlist Resource(s)
  -------------------------------------------------------------------    -------------------
                         (clock clk100MHZ rise edge)
                                                      0.000     0.000 r  
    AC18                                              0.000     0.000 r  clk (IN)
                         net (fo=0)                   0.000     0.000    clk
    AC18                 IBUF (Prop_ibuf_I_O)         0.146     0.146 r  clk_IBUF_inst/O
                         net (fo=1, routed)           1.074     1.220    clk_IBUF
    BUFGCTRL_X0Y0        BUFG (Prop_bufg_I_O)         0.026     1.246 r  clk_IBUF_BUFG_inst/O
                         net (fo=4426, routed)        0.682     1.928    u_clkdiv/clk_IBUF_BUFG
    SLICE_X9Y36          FDCE                                         r  u_clkdiv/vga_cnt_reg[0]/C
  -------------------------------------------------------------------    -------------------
    SLICE_X9Y36          FDCE (Prop_fdce_C_Q)         0.100     2.028 r  u_clkdiv/vga_cnt_reg[0]/Q
                         net (fo=3, routed)           0.118     2.145    u_clkdiv/vga_cnt[0]
    SLICE_X10Y36         LUT2 (Prop_lut2_I0_O)        0.028     2.173 r  u_clkdiv/vga_ce_i_1/O
                         net (fo=1, routed)           0.000     2.173    u_clkdiv/vga_ce_i_1_n_0
    SLICE_X10Y36         FDRE                                         r  u_clkdiv/vga_ce_reg/D
  -------------------------------------------------------------------    -------------------

                         (clock clk100MHZ rise edge)
                                                      0.000     0.000 r  
    AC18                                              0.000     0.000 r  clk (IN)
                         net (fo=0)                   0.000     0.000    clk
    AC18                 IBUF (Prop_ibuf_I_O)         0.312     0.312 r  clk_IBUF_inst/O
                         net (fo=1, routed)           1.143     1.455    clk_IBUF
    BUFGCTRL_X0Y0        BUFG (Prop_bufg_I_O)         0.030     1.485 r  clk_IBUF_BUFG_inst/O
                         net (fo=4426, routed)        0.921     2.406    u_clkdiv/clk_IBUF_BUFG
    SLICE_X10Y36         FDRE                                         r  u_clkdiv/vga_ce_reg/C
                         clock pessimism             -0.447     1.959    
    SLICE_X10Y36         FDRE (Hold_fdre_C_D)         0.087     2.046    u_clkdiv/vga_ce_reg
  -------------------------------------------------------------------
                         required time                         -2.046    
                         arrival time                           2.173    
  -------------------------------------------------------------------
                         slack                                  0.128    

Slack (MET) :             0.131ns  (arrival time - required time)
  Source:                 u_db1/sync1_reg/C
                            (rising edge-triggered cell FDRE clocked by clk100MHZ  {rise@0.000ns fall@5.000ns period=10.000ns})
  Destination:            u_db1/sync2_reg/D
                            (rising edge-triggered cell FDRE clocked by clk100MHZ  {rise@0.000ns fall@5.000ns period=10.000ns})
  Path Group:             clk100MHZ
  Path Type:              Hold (Min at Fast Process Corner)
  Requirement:            0.000ns  (clk100MHZ rise@0.000ns - clk100MHZ rise@0.000ns)
  Data Path Delay:        0.173ns  (logic 0.118ns (68.129%)  route 0.055ns (31.871%))
  Logic Levels:           0  
  Clock Path Skew:        0.000ns (DCD - SCD - CPR)
    Destination Clock Delay (DCD):    2.406ns
    Source Clock Delay      (SCD):    1.928ns
    Clock Pessimism Removal (CPR):    0.478ns

    Location             Delay type                Incr(ns)  Path(ns)    Netlist Resource(s)
  -------------------------------------------------------------------    -------------------
                         (clock clk100MHZ rise edge)
                                                      0.000     0.000 r  
    AC18                                              0.000     0.000 r  clk (IN)
                         net (fo=0)                   0.000     0.000    clk
    AC18                 IBUF (Prop_ibuf_I_O)         0.146     0.146 r  clk_IBUF_inst/O
                         net (fo=1, routed)           1.074     1.220    clk_IBUF
    BUFGCTRL_X0Y0        BUFG (Prop_bufg_I_O)         0.026     1.246 r  clk_IBUF_BUFG_inst/O
                         net (fo=4426, routed)        0.682     1.928    u_db1/clk_IBUF_BUFG
    SLICE_X8Y14          FDRE                                         r  u_db1/sync1_reg/C
  -------------------------------------------------------------------    -------------------
    SLICE_X8Y14          FDRE (Prop_fdre_C_Q)         0.118     2.046 r  u_db1/sync1_reg/Q
                         net (fo=1, routed)           0.055     2.101    u_db1/sync1_reg_n_0
    SLICE_X8Y14          FDRE                                         r  u_db1/sync2_reg/D
  -------------------------------------------------------------------    -------------------

                         (clock clk100MHZ rise edge)
                                                      0.000     0.000 r  
    AC18                                              0.000     0.000 r  clk (IN)
                         net (fo=0)                   0.000     0.000    clk
    AC18                 IBUF (Prop_ibuf_I_O)         0.312     0.312 r  clk_IBUF_inst/O
                         net (fo=1, routed)           1.143     1.455    clk_IBUF
    BUFGCTRL_X0Y0        BUFG (Prop_bufg_I_O)         0.030     1.485 r  clk_IBUF_BUFG_inst/O
                         net (fo=4426, routed)        0.921     2.406    u_db1/clk_IBUF_BUFG
    SLICE_X8Y14          FDRE                                         r  u_db1/sync2_reg/C
                         clock pessimism             -0.478     1.928    
    SLICE_X8Y14          FDRE (Hold_fdre_C_D)         0.042     1.970    u_db1/sync2_reg
  -------------------------------------------------------------------
                         required time                         -1.970    
                         arrival time                           2.101    
  -------------------------------------------------------------------
                         slack                                  0.131    

Slack (MET) :             0.147ns  (arrival time - required time)
  Source:                 u_vga/h_cnt_reg[0]/C
                            (rising edge-triggered cell FDCE clocked by clk100MHZ  {rise@0.000ns fall@5.000ns period=10.000ns})
  Destination:            u_vga/h_cnt_reg[3]/D
                            (rising edge-triggered cell FDCE clocked by clk100MHZ  {rise@0.000ns fall@5.000ns period=10.000ns})
  Path Group:             clk100MHZ
  Path Type:              Hold (Min at Fast Process Corner)
  Requirement:            0.000ns  (clk100MHZ rise@0.000ns - clk100MHZ rise@0.000ns)
  Data Path Delay:        0.254ns  (logic 0.130ns (51.257%)  route 0.124ns (48.743%))
  Logic Levels:           1  (LUT5=1)
  Clock Path Skew:        0.011ns (DCD - SCD - CPR)
    Destination Clock Delay (DCD):    2.403ns
    Source Clock Delay      (SCD):    1.926ns
    Clock Pessimism Removal (CPR):    0.466ns

    Location             Delay type                Incr(ns)  Path(ns)    Netlist Resource(s)
  -------------------------------------------------------------------    -------------------
                         (clock clk100MHZ rise edge)
                                                      0.000     0.000 r  
    AC18                                              0.000     0.000 r  clk (IN)
                         net (fo=0)                   0.000     0.000    clk
    AC18                 IBUF (Prop_ibuf_I_O)         0.146     0.146 r  clk_IBUF_inst/O
                         net (fo=1, routed)           1.074     1.220    clk_IBUF
    BUFGCTRL_X0Y0        BUFG (Prop_bufg_I_O)         0.026     1.246 r  clk_IBUF_BUFG_inst/O
                         net (fo=4426, routed)        0.680     1.926    u_vga/clk_IBUF_BUFG
    SLICE_X17Y33         FDCE                                         r  u_vga/h_cnt_reg[0]/C
  -------------------------------------------------------------------    -------------------
    SLICE_X17Y33         FDCE (Prop_fdce_C_Q)         0.100     2.026 r  u_vga/h_cnt_reg[0]/Q
                         net (fo=7, routed)           0.124     2.149    u_vga/h_cnt[0]
    SLICE_X16Y33         LUT5 (Prop_lut5_I3_O)        0.030     2.179 r  u_vga/h_cnt[3]_i_1/O
                         net (fo=1, routed)           0.000     2.179    u_vga/h_cnt_0[3]
    SLICE_X16Y33         FDCE                                         r  u_vga/h_cnt_reg[3]/D
  -------------------------------------------------------------------    -------------------

                         (clock clk100MHZ rise edge)
                                                      0.000     0.000 r  
    AC18                                              0.000     0.000 r  clk (IN)
                         net (fo=0)                   0.000     0.000    clk
    AC18                 IBUF (Prop_ibuf_I_O)         0.312     0.312 r  clk_IBUF_inst/O
                         net (fo=1, routed)           1.143     1.455    clk_IBUF
    BUFGCTRL_X0Y0        BUFG (Prop_bufg_I_O)         0.030     1.485 r  clk_IBUF_BUFG_inst/O
                         net (fo=4426, routed)        0.918     2.403    u_vga/clk_IBUF_BUFG
    SLICE_X16Y33         FDCE                                         r  u_vga/h_cnt_reg[3]/C
                         clock pessimism             -0.466     1.937    
    SLICE_X16Y33         FDCE (Hold_fdce_C_D)         0.096     2.033    u_vga/h_cnt_reg[3]
  -------------------------------------------------------------------
                         required time                         -2.033    
                         arrival time                           2.179    
  -------------------------------------------------------------------
                         slack                                  0.147    

Slack (MET) :             0.154ns  (arrival time - required time)
  Source:                 u_vga/h_cnt_reg[0]/C
                            (rising edge-triggered cell FDCE clocked by clk100MHZ  {rise@0.000ns fall@5.000ns period=10.000ns})
  Destination:            u_vga/h_cnt_reg[2]/D
                            (rising edge-triggered cell FDCE clocked by clk100MHZ  {rise@0.000ns fall@5.000ns period=10.000ns})
  Path Group:             clk100MHZ
  Path Type:              Hold (Min at Fast Process Corner)
  Requirement:            0.000ns  (clk100MHZ rise@0.000ns - clk100MHZ rise@0.000ns)
  Data Path Delay:        0.252ns  (logic 0.128ns (50.870%)  route 0.124ns (49.130%))
  Logic Levels:           1  (LUT4=1)
  Clock Path Skew:        0.011ns (DCD - SCD - CPR)
    Destination Clock Delay (DCD):    2.403ns
    Source Clock Delay      (SCD):    1.926ns
    Clock Pessimism Removal (CPR):    0.466ns

    Location             Delay type                Incr(ns)  Path(ns)    Netlist Resource(s)
  -------------------------------------------------------------------    -------------------
                         (clock clk100MHZ rise edge)
                                                      0.000     0.000 r  
    AC18                                              0.000     0.000 r  clk (IN)
                         net (fo=0)                   0.000     0.000    clk
    AC18                 IBUF (Prop_ibuf_I_O)         0.146     0.146 r  clk_IBUF_inst/O
                         net (fo=1, routed)           1.074     1.220    clk_IBUF
    BUFGCTRL_X0Y0        BUFG (Prop_bufg_I_O)         0.026     1.246 r  clk_IBUF_BUFG_inst/O
                         net (fo=4426, routed)        0.680     1.926    u_vga/clk_IBUF_BUFG
    SLICE_X17Y33         FDCE                                         r  u_vga/h_cnt_reg[0]/C
  -------------------------------------------------------------------    -------------------
    SLICE_X17Y33         FDCE (Prop_fdce_C_Q)         0.100     2.026 r  u_vga/h_cnt_reg[0]/Q
                         net (fo=7, routed)           0.124     2.149    u_vga/h_cnt[0]
    SLICE_X16Y33         LUT4 (Prop_lut4_I2_O)        0.028     2.177 r  u_vga/h_cnt[2]_i_1/O
                         net (fo=1, routed)           0.000     2.177    u_vga/h_cnt_0[2]
    SLICE_X16Y33         FDCE                                         r  u_vga/h_cnt_reg[2]/D
  -------------------------------------------------------------------    -------------------

                         (clock clk100MHZ rise edge)
                                                      0.000     0.000 r  
    AC18                                              0.000     0.000 r  clk (IN)
                         net (fo=0)                   0.000     0.000    clk
    AC18                 IBUF (Prop_ibuf_I_O)         0.312     0.312 r  clk_IBUF_inst/O
                         net (fo=1, routed)           1.143     1.455    clk_IBUF
    BUFGCTRL_X0Y0        BUFG (Prop_bufg_I_O)         0.030     1.485 r  clk_IBUF_BUFG_inst/O
                         net (fo=4426, routed)        0.918     2.403    u_vga/clk_IBUF_BUFG
    SLICE_X16Y33         FDCE                                         r  u_vga/h_cnt_reg[2]/C
                         clock pessimism             -0.466     1.937    
    SLICE_X16Y33         FDCE (Hold_fdce_C_D)         0.087     2.024    u_vga/h_cnt_reg[2]
  -------------------------------------------------------------------
                         required time                         -2.024    
                         arrival time                           2.177    
  -------------------------------------------------------------------
                         slack                                  0.154    

Slack (MET) :             0.156ns  (arrival time - required time)
  Source:                 u_vga/h_cnt_reg[0]/C
                            (rising edge-triggered cell FDCE clocked by clk100MHZ  {rise@0.000ns fall@5.000ns period=10.000ns})
  Destination:            u_vga/h_cnt_reg[4]/D
                            (rising edge-triggered cell FDCE clocked by clk100MHZ  {rise@0.000ns fall@5.000ns period=10.000ns})
  Path Group:             clk100MHZ
  Path Type:              Hold (Min at Fast Process Corner)
  Requirement:            0.000ns  (clk100MHZ rise@0.000ns - clk100MHZ rise@0.000ns)
  Data Path Delay:        0.254ns  (logic 0.128ns (50.469%)  route 0.126ns (49.531%))
  Logic Levels:           1  (LUT6=1)
  Clock Path Skew:        0.011ns (DCD - SCD - CPR)
    Destination Clock Delay (DCD):    2.403ns
    Source Clock Delay      (SCD):    1.926ns
    Clock Pessimism Removal (CPR):    0.466ns

    Location             Delay type                Incr(ns)  Path(ns)    Netlist Resource(s)
  -------------------------------------------------------------------    -------------------
                         (clock clk100MHZ rise edge)
                                                      0.000     0.000 r  
    AC18                                              0.000     0.000 r  clk (IN)
                         net (fo=0)                   0.000     0.000    clk
    AC18                 IBUF (Prop_ibuf_I_O)         0.146     0.146 r  clk_IBUF_inst/O
                         net (fo=1, routed)           1.074     1.220    clk_IBUF
    BUFGCTRL_X0Y0        BUFG (Prop_bufg_I_O)         0.026     1.246 r  clk_IBUF_BUFG_inst/O
                         net (fo=4426, routed)        0.680     1.926    u_vga/clk_IBUF_BUFG
    SLICE_X17Y33         FDCE                                         r  u_vga/h_cnt_reg[0]/C
  -------------------------------------------------------------------    -------------------
    SLICE_X17Y33         FDCE (Prop_fdce_C_Q)         0.100     2.026 r  u_vga/h_cnt_reg[0]/Q
                         net (fo=7, routed)           0.126     2.151    u_vga/h_cnt[0]
    SLICE_X16Y33         LUT6 (Prop_lut6_I3_O)        0.028     2.179 r  u_vga/h_cnt[4]_i_1/O
                         net (fo=1, routed)           0.000     2.179    u_vga/h_cnt_0[4]
    SLICE_X16Y33         FDCE                                         r  u_vga/h_cnt_reg[4]/D
  -------------------------------------------------------------------    -------------------

                         (clock clk100MHZ rise edge)
                                                      0.000     0.000 r  
    AC18                                              0.000     0.000 r  clk (IN)
                         net (fo=0)                   0.000     0.000    clk
    AC18                 IBUF (Prop_ibuf_I_O)         0.312     0.312 r  clk_IBUF_inst/O
                         net (fo=1, routed)           1.143     1.455    clk_IBUF
    BUFGCTRL_X0Y0        BUFG (Prop_bufg_I_O)         0.030     1.485 r  clk_IBUF_BUFG_inst/O
                         net (fo=4426, routed)        0.918     2.403    u_vga/clk_IBUF_BUFG
    SLICE_X16Y33         FDCE                                         r  u_vga/h_cnt_reg[4]/C
                         clock pessimism             -0.466     1.937    
    SLICE_X16Y33         FDCE (Hold_fdce_C_D)         0.087     2.024    u_vga/h_cnt_reg[4]
  -------------------------------------------------------------------
                         required time                         -2.024    
                         arrival time                           2.179    
  -------------------------------------------------------------------
                         slack                                  0.156    

Slack (MET) :             0.159ns  (arrival time - required time)
  Source:                 u_db0/debounce_shift_reg[9]/C
                            (rising edge-triggered cell FDPE clocked by clk100MHZ  {rise@0.000ns fall@5.000ns period=10.000ns})
  Destination:            u_db0/debounce_shift_reg[10]/D
                            (rising edge-triggered cell FDPE clocked by clk100MHZ  {rise@0.000ns fall@5.000ns period=10.000ns})
  Path Group:             clk100MHZ
  Path Type:              Hold (Min at Fast Process Corner)
  Requirement:            0.000ns  (clk100MHZ rise@0.000ns - clk100MHZ rise@0.000ns)
  Data Path Delay:        0.207ns  (logic 0.100ns (48.279%)  route 0.107ns (51.721%))
  Logic Levels:           0  
  Clock Path Skew:        0.011ns (DCD - SCD - CPR)
    Destination Clock Delay (DCD):    2.425ns
    Source Clock Delay      (SCD):    1.949ns
    Clock Pessimism Removal (CPR):    0.465ns

    Location             Delay type                Incr(ns)  Path(ns)    Netlist Resource(s)
  -------------------------------------------------------------------    -------------------
                         (clock clk100MHZ rise edge)
                                                      0.000     0.000 r  
    AC18                                              0.000     0.000 r  clk (IN)
                         net (fo=0)                   0.000     0.000    clk
    AC18                 IBUF (Prop_ibuf_I_O)         0.146     0.146 r  clk_IBUF_inst/O
                         net (fo=1, routed)           1.074     1.220    clk_IBUF
    BUFGCTRL_X0Y0        BUFG (Prop_bufg_I_O)         0.026     1.246 r  clk_IBUF_BUFG_inst/O
                         net (fo=4426, routed)        0.703     1.949    u_db0/clk_IBUF_BUFG
    SLICE_X7Y25          FDPE                                         r  u_db0/debounce_shift_reg[9]/C
  -------------------------------------------------------------------    -------------------
    SLICE_X7Y25          FDPE (Prop_fdpe_C_Q)         0.100     2.049 r  u_db0/debounce_shift_reg[9]/Q
                         net (fo=2, routed)           0.107     2.156    u_db0/debounce_shift[9]
    SLICE_X6Y25          FDPE                                         r  u_db0/debounce_shift_reg[10]/D
  -------------------------------------------------------------------    -------------------

                         (clock clk100MHZ rise edge)
                                                      0.000     0.000 r  
    AC18                                              0.000     0.000 r  clk (IN)
                         net (fo=0)                   0.000     0.000    clk
    AC18                 IBUF (Prop_ibuf_I_O)         0.312     0.312 r  clk_IBUF_inst/O
                         net (fo=1, routed)           1.143     1.455    clk_IBUF
    BUFGCTRL_X0Y0        BUFG (Prop_bufg_I_O)         0.030     1.485 r  clk_IBUF_BUFG_inst/O
                         net (fo=4426, routed)        0.940     2.425    u_db0/clk_IBUF_BUFG
    SLICE_X6Y25          FDPE                                         r  u_db0/debounce_shift_reg[10]/C
                         clock pessimism             -0.465     1.960    
    SLICE_X6Y25          FDPE (Hold_fdpe_C_D)         0.037     1.997    u_db0/debounce_shift_reg[10]
  -------------------------------------------------------------------
                         required time                         -1.997    
                         arrival time                           2.156    
  -------------------------------------------------------------------
                         slack                                  0.159    

Slack (MET) :             0.167ns  (arrival time - required time)
  Source:                 u_lfsr/lfsr_reg_reg[14]/C
                            (rising edge-triggered cell FDCE clocked by clk100MHZ  {rise@0.000ns fall@5.000ns period=10.000ns})
  Destination:            u_lfsr/lfsr_reg_reg[13]/D
                            (rising edge-triggered cell FDPE clocked by clk100MHZ  {rise@0.000ns fall@5.000ns period=10.000ns})
  Path Group:             clk100MHZ
  Path Type:              Hold (Min at Fast Process Corner)
  Requirement:            0.000ns  (clk100MHZ rise@0.000ns - clk100MHZ rise@0.000ns)
  Data Path Delay:        0.242ns  (logic 0.157ns (64.931%)  route 0.085ns (35.069%))
  Logic Levels:           1  (LUT2=1)
  Clock Path Skew:        0.000ns (DCD - SCD - CPR)
    Destination Clock Delay (DCD):    2.375ns
    Source Clock Delay      (SCD):    1.899ns
    Clock Pessimism Removal (CPR):    0.476ns

    Location             Delay type                Incr(ns)  Path(ns)    Netlist Resource(s)
  -------------------------------------------------------------------    -------------------
                         (clock clk100MHZ rise edge)
                                                      0.000     0.000 r  
    AC18                                              0.000     0.000 r  clk (IN)
                         net (fo=0)                   0.000     0.000    clk
    AC18                 IBUF (Prop_ibuf_I_O)         0.146     0.146 r  clk_IBUF_inst/O
                         net (fo=1, routed)           1.074     1.220    clk_IBUF
    BUFGCTRL_X0Y0        BUFG (Prop_bufg_I_O)         0.026     1.246 r  clk_IBUF_BUFG_inst/O
                         net (fo=4426, routed)        0.653     1.899    u_lfsr/clk_IBUF_BUFG
    SLICE_X24Y33         FDCE                                         r  u_lfsr/lfsr_reg_reg[14]/C
  -------------------------------------------------------------------    -------------------
    SLICE_X24Y33         FDCE (Prop_fdce_C_Q)         0.091     1.990 r  u_lfsr/lfsr_reg_reg[14]/Q
                         net (fo=1, routed)           0.085     2.075    u_dbs/Q[7]
    SLICE_X24Y33         LUT2 (Prop_lut2_I1_O)        0.066     2.141 r  u_dbs/lfsr_reg[13]_i_1/O
                         net (fo=1, routed)           0.000     2.141    u_lfsr/lfsr_reg_reg[13]_0[7]
    SLICE_X24Y33         FDPE                                         r  u_lfsr/lfsr_reg_reg[13]/D
  -------------------------------------------------------------------    -------------------

                         (clock clk100MHZ rise edge)
                                                      0.000     0.000 r  
    AC18                                              0.000     0.000 r  clk (IN)
                         net (fo=0)                   0.000     0.000    clk
    AC18                 IBUF (Prop_ibuf_I_O)         0.312     0.312 r  clk_IBUF_inst/O
                         net (fo=1, routed)           1.143     1.455    clk_IBUF
    BUFGCTRL_X0Y0        BUFG (Prop_bufg_I_O)         0.030     1.485 r  clk_IBUF_BUFG_inst/O
                         net (fo=4426, routed)        0.890     2.375    u_lfsr/clk_IBUF_BUFG
    SLICE_X24Y33         FDPE                                         r  u_lfsr/lfsr_reg_reg[13]/C
                         clock pessimism             -0.476     1.899    
    SLICE_X24Y33         FDPE (Hold_fdpe_C_D)         0.075     1.974    u_lfsr/lfsr_reg_reg[13]
  -------------------------------------------------------------------
                         required time                         -1.974    
                         arrival time                           2.141    
  -------------------------------------------------------------------
                         slack                                  0.167    





Pulse Width Checks
--------------------------------------------------------------------------------------
Clock Name:         clk100MHZ
Waveform(ns):       { 0.000 5.000 }
Period(ns):         10.000
Sources:            { clk }

Check Type        Corner  Lib Pin  Reference Pin  Required(ns)  Actual(ns)  Slack(ns)  Location       Pin
Min Period        n/a     BUFG/I   n/a            1.600         10.000      8.400      BUFGCTRL_X0Y0  clk_IBUF_BUFG_inst/I
Min Period        n/a     FDPE/C   n/a            0.750         10.000      9.250      SLICE_X13Y32   u_game/dead_timer_reg[23]/C
Min Period        n/a     FDPE/C   n/a            0.750         10.000      9.250      SLICE_X13Y32   u_game/dead_timer_reg[24]/C
Min Period        n/a     FDPE/C   n/a            0.750         10.000      9.250      SLICE_X13Y27   u_game/dead_timer_reg[3]/C
Min Period        n/a     FDPE/C   n/a            0.750         10.000      9.250      SLICE_X14Y29   u_game/dead_timer_reg[6]/C
Min Period        n/a     FDPE/C   n/a            0.750         10.000      9.250      SLICE_X13Y28   u_game/dead_timer_reg[7]/C
Min Period        n/a     FDPE/C   n/a            0.750         10.000      9.250      SLICE_X13Y28   u_game/dead_timer_reg[8]/C
Min Period        n/a     FDRE/C   n/a            0.750         10.000      9.250      SLICE_X32Y1    u_game/snake_x_reg[172][4]/C
Min Period        n/a     FDRE/C   n/a            0.750         10.000      9.250      SLICE_X32Y1    u_game/snake_x_reg[172][5]/C
Min Period        n/a     FDRE/C   n/a            0.750         10.000      9.250      SLICE_X41Y3    u_game/snake_y_reg[128][2]/C
Low Pulse Width   Slow    FDRE/C   n/a            0.400         5.000       4.600      SLICE_X23Y4    u_game/snake_y_reg[153][2]/C
Low Pulse Width   Slow    FDRE/C   n/a            0.400         5.000       4.600      SLICE_X23Y4    u_game/snake_y_reg[153][3]/C
Low Pulse Width   Slow    FDRE/C   n/a            0.400         5.000       4.600      SLICE_X22Y4    u_game/snake_y_reg[155][1]/C
Low Pulse Width   Slow    FDRE/C   n/a            0.400         5.000       4.600      SLICE_X22Y4    u_game/snake_y_reg[155][3]/C
Low Pulse Width   Slow    FDRE/C   n/a            0.400         5.000       4.600      SLICE_X20Y10   u_game/snake_y_reg[69][3]/C
Low Pulse Width   Slow    FDRE/C   n/a            0.400         5.000       4.600      SLICE_X20Y9    u_game/snake_y_reg[75][3]/C
Low Pulse Width   Slow    FDRE/C   n/a            0.400         5.000       4.600      SLICE_X21Y10   u_game/snake_y_reg[78][2]/C
Low Pulse Width   Slow    FDRE/C   n/a            0.400         5.000       4.600      SLICE_X21Y10   u_game/snake_y_reg[78][3]/C
Low Pulse Width   Slow    FDRE/C   n/a            0.400         5.000       4.600      SLICE_X13Y12   u_game/snake_y_reg[82][1]/C
Low Pulse Width   Slow    FDRE/C   n/a            0.400         5.000       4.600      SLICE_X13Y12   u_game/snake_y_reg[82][2]/C
High Pulse Width  Fast    FDRE/C   n/a            0.350         5.000       4.650      SLICE_X3Y22    hb_cnt_reg[0]/C
High Pulse Width  Slow    FDRE/C   n/a            0.350         5.000       4.650      SLICE_X3Y24    hb_cnt_reg[10]/C
High Pulse Width  Fast    FDPE/C   n/a            0.350         5.000       4.650      SLICE_X13Y32   u_game/dead_timer_reg[21]/C
High Pulse Width  Fast    FDPE/C   n/a            0.350         5.000       4.650      SLICE_X13Y32   u_game/dead_timer_reg[22]/C
High Pulse Width  Fast    FDPE/C   n/a            0.350         5.000       4.650      SLICE_X13Y32   u_game/dead_timer_reg[23]/C
High Pulse Width  Fast    FDPE/C   n/a            0.350         5.000       4.650      SLICE_X13Y32   u_game/dead_timer_reg[24]/C
High Pulse Width  Fast    FDPE/C   n/a            0.350         5.000       4.650      SLICE_X13Y28   u_game/dead_timer_reg[4]/C
High Pulse Width  Fast    FDPE/C   n/a            0.350         5.000       4.650      SLICE_X13Y28   u_game/dead_timer_reg[5]/C
High Pulse Width  Fast    FDPE/C   n/a            0.350         5.000       4.650      SLICE_X14Y29   u_game/dead_timer_reg[6]/C
High Pulse Width  Fast    FDPE/C   n/a            0.350         5.000       4.650      SLICE_X13Y28   u_game/dead_timer_reg[7]/C



---------------------------------------------------------------------------------------------------
Path Group:  **async_default**
From Clock:  clk100MHZ
  To Clock:  clk100MHZ

Setup :            0  Failing Endpoints,  Worst Slack        2.337ns,  Total Violation        0.000ns
Hold  :            0  Failing Endpoints,  Worst Slack        0.562ns,  Total Violation        0.000ns
---------------------------------------------------------------------------------------------------


Max Delay Paths
--------------------------------------------------------------------------------------
Slack (MET) :             2.337ns  (required time - arrival time)
  Source:                 por_cnt_reg[1]/C
                            (rising edge-triggered cell FDRE clocked by clk100MHZ  {rise@0.000ns fall@5.000ns period=10.000ns})
  Destination:            u_game/grid_reg_reg[1012]/CLR
                            (recovery check against rising-edge clock clk100MHZ  {rise@0.000ns fall@5.000ns period=10.000ns})
  Path Group:             **async_default**
  Path Type:              Recovery (Max at Slow Process Corner)
  Requirement:            10.000ns  (clk100MHZ rise@10.000ns - clk100MHZ rise@0.000ns)
  Data Path Delay:        6.976ns  (logic 0.488ns (6.995%)  route 6.488ns (93.005%))
  Logic Levels:           2  (LUT4=1 LUT6=1)
  Clock Path Skew:        -0.397ns (DCD - SCD + CPR)
    Destination Clock Delay (DCD):    4.666ns = ( 14.666 - 10.000 ) 
    Source Clock Delay      (SCD):    5.324ns
    Clock Pessimism Removal (CPR):    0.261ns
  Clock Uncertainty:      0.035ns  ((TSJ^2 + TIJ^2)^1/2 + DJ) / 2 + PE
    Total System Jitter     (TSJ):    0.071ns
    Total Input Jitter      (TIJ):    0.000ns
    Discrete Jitter          (DJ):    0.000ns
    Phase Error              (PE):    0.000ns

    Location             Delay type                Incr(ns)  Path(ns)    Netlist Resource(s)
  -------------------------------------------------------------------    -------------------
                         (clock clk100MHZ rise edge)
                                                      0.000     0.000 r  
    AC18                                              0.000     0.000 r  clk (IN)
                         net (fo=0)                   0.000     0.000    clk
    AC18                 IBUF (Prop_ibuf_I_O)         0.745     0.745 r  clk_IBUF_inst/O
                         net (fo=1, routed)           2.564     3.309    clk_IBUF
    BUFGCTRL_X0Y0        BUFG (Prop_bufg_I_O)         0.120     3.429 r  clk_IBUF_BUFG_inst/O
                         net (fo=4426, routed)        1.895     5.324    clk_IBUF_BUFG
    SLICE_X2Y32          FDRE                                         r  por_cnt_reg[1]/C
  -------------------------------------------------------------------    -------------------
    SLICE_X2Y32          FDRE (Prop_fdre_C_Q)         0.282     5.606 r  por_cnt_reg[1]/Q
                         net (fo=7, routed)           0.568     6.174    u_game/food_x_reg_reg[0]_0[1]
    SLICE_X2Y33          LUT4 (Prop_lut4_I2_O)        0.153     6.327 f  u_game/state[1]_i_5/O
                         net (fo=1, routed)           0.237     6.563    u_game/state[1]_i_5_n_0
    SLICE_X3Y33          LUT6 (Prop_lut6_I0_O)        0.053     6.616 f  u_game/state[1]_i_2/O
                         net (fo=1676, routed)        5.684    12.300    u_game/rst
    SLICE_X41Y51         FDCE                                         f  u_game/grid_reg_reg[1012]/CLR
  -------------------------------------------------------------------    -------------------

                         (clock clk100MHZ rise edge)
                                                     10.000    10.000 r  
    AC18                                              0.000    10.000 r  clk (IN)
                         net (fo=0)                   0.000    10.000    clk
    AC18                 IBUF (Prop_ibuf_I_O)         0.620    10.620 r  clk_IBUF_inst/O
                         net (fo=1, routed)           2.447    13.067    clk_IBUF
    BUFGCTRL_X0Y0        BUFG (Prop_bufg_I_O)         0.113    13.180 r  clk_IBUF_BUFG_inst/O
                         net (fo=4426, routed)        1.486    14.666    u_game/clk_IBUF_BUFG
    SLICE_X41Y51         FDCE                                         r  u_game/grid_reg_reg[1012]/C
                         clock pessimism              0.261    14.927    
                         clock uncertainty           -0.035    14.892    
    SLICE_X41Y51         FDCE (Recov_fdce_C_CLR)     -0.255    14.637    u_game/grid_reg_reg[1012]
  -------------------------------------------------------------------
                         required time                         14.637    
                         arrival time                         -12.300    
  -------------------------------------------------------------------
                         slack                                  2.337    

Slack (MET) :             2.337ns  (required time - arrival time)
  Source:                 por_cnt_reg[1]/C
                            (rising edge-triggered cell FDRE clocked by clk100MHZ  {rise@0.000ns fall@5.000ns period=10.000ns})
  Destination:            u_game/grid_reg_reg[967]/CLR
                            (recovery check against rising-edge clock clk100MHZ  {rise@0.000ns fall@5.000ns period=10.000ns})
  Path Group:             **async_default**
  Path Type:              Recovery (Max at Slow Process Corner)
  Requirement:            10.000ns  (clk100MHZ rise@10.000ns - clk100MHZ rise@0.000ns)
  Data Path Delay:        6.976ns  (logic 0.488ns (6.995%)  route 6.488ns (93.005%))
  Logic Levels:           2  (LUT4=1 LUT6=1)
  Clock Path Skew:        -0.397ns (DCD - SCD + CPR)
    Destination Clock Delay (DCD):    4.666ns = ( 14.666 - 10.000 ) 
    Source Clock Delay      (SCD):    5.324ns
    Clock Pessimism Removal (CPR):    0.261ns
  Clock Uncertainty:      0.035ns  ((TSJ^2 + TIJ^2)^1/2 + DJ) / 2 + PE
    Total System Jitter     (TSJ):    0.071ns
    Total Input Jitter      (TIJ):    0.000ns
    Discrete Jitter          (DJ):    0.000ns
    Phase Error              (PE):    0.000ns

    Location             Delay type                Incr(ns)  Path(ns)    Netlist Resource(s)
  -------------------------------------------------------------------    -------------------
                         (clock clk100MHZ rise edge)
                                                      0.000     0.000 r  
    AC18                                              0.000     0.000 r  clk (IN)
                         net (fo=0)                   0.000     0.000    clk
    AC18                 IBUF (Prop_ibuf_I_O)         0.745     0.745 r  clk_IBUF_inst/O
                         net (fo=1, routed)           2.564     3.309    clk_IBUF
    BUFGCTRL_X0Y0        BUFG (Prop_bufg_I_O)         0.120     3.429 r  clk_IBUF_BUFG_inst/O
                         net (fo=4426, routed)        1.895     5.324    clk_IBUF_BUFG
    SLICE_X2Y32          FDRE                                         r  por_cnt_reg[1]/C
  -------------------------------------------------------------------    -------------------
    SLICE_X2Y32          FDRE (Prop_fdre_C_Q)         0.282     5.606 r  por_cnt_reg[1]/Q
                         net (fo=7, routed)           0.568     6.174    u_game/food_x_reg_reg[0]_0[1]
    SLICE_X2Y33          LUT4 (Prop_lut4_I2_O)        0.153     6.327 f  u_game/state[1]_i_5/O
                         net (fo=1, routed)           0.237     6.563    u_game/state[1]_i_5_n_0
    SLICE_X3Y33          LUT6 (Prop_lut6_I0_O)        0.053     6.616 f  u_game/state[1]_i_2/O
                         net (fo=1676, routed)        5.684    12.300    u_game/rst
    SLICE_X41Y51         FDCE                                         f  u_game/grid_reg_reg[967]/CLR
  -------------------------------------------------------------------    -------------------

                         (clock clk100MHZ rise edge)
                                                     10.000    10.000 r  
    AC18                                              0.000    10.000 r  clk (IN)
                         net (fo=0)                   0.000    10.000    clk
    AC18                 IBUF (Prop_ibuf_I_O)         0.620    10.620 r  clk_IBUF_inst/O
                         net (fo=1, routed)           2.447    13.067    clk_IBUF
    BUFGCTRL_X0Y0        BUFG (Prop_bufg_I_O)         0.113    13.180 r  clk_IBUF_BUFG_inst/O
                         net (fo=4426, routed)        1.486    14.666    u_game/clk_IBUF_BUFG
    SLICE_X41Y51         FDCE                                         r  u_game/grid_reg_reg[967]/C
                         clock pessimism              0.261    14.927    
                         clock uncertainty           -0.035    14.892    
    SLICE_X41Y51         FDCE (Recov_fdce_C_CLR)     -0.255    14.637    u_game/grid_reg_reg[967]
  -------------------------------------------------------------------
                         required time                         14.637    
                         arrival time                         -12.300    
  -------------------------------------------------------------------
                         slack                                  2.337    

Slack (MET) :             2.346ns  (required time - arrival time)
  Source:                 por_cnt_reg[1]/C
                            (rising edge-triggered cell FDRE clocked by clk100MHZ  {rise@0.000ns fall@5.000ns period=10.000ns})
  Destination:            u_game/grid_reg_reg[10]/CLR
                            (recovery check against rising-edge clock clk100MHZ  {rise@0.000ns fall@5.000ns period=10.000ns})
  Path Group:             **async_default**
  Path Type:              Recovery (Max at Slow Process Corner)
  Requirement:            10.000ns  (clk100MHZ rise@10.000ns - clk100MHZ rise@0.000ns)
  Data Path Delay:        6.965ns  (logic 0.488ns (7.007%)  route 6.477ns (92.993%))
  Logic Levels:           2  (LUT4=1 LUT6=1)
  Clock Path Skew:        -0.399ns (DCD - SCD + CPR)
    Destination Clock Delay (DCD):    4.664ns = ( 14.664 - 10.000 ) 
    Source Clock Delay      (SCD):    5.324ns
    Clock Pessimism Removal (CPR):    0.261ns
  Clock Uncertainty:      0.035ns  ((TSJ^2 + TIJ^2)^1/2 + DJ) / 2 + PE
    Total System Jitter     (TSJ):    0.071ns
    Total Input Jitter      (TIJ):    0.000ns
    Discrete Jitter          (DJ):    0.000ns
    Phase Error              (PE):    0.000ns

    Location             Delay type                Incr(ns)  Path(ns)    Netlist Resource(s)
  -------------------------------------------------------------------    -------------------
                         (clock clk100MHZ rise edge)
                                                      0.000     0.000 r  
    AC18                                              0.000     0.000 r  clk (IN)
                         net (fo=0)                   0.000     0.000    clk
    AC18                 IBUF (Prop_ibuf_I_O)         0.745     0.745 r  clk_IBUF_inst/O
                         net (fo=1, routed)           2.564     3.309    clk_IBUF
    BUFGCTRL_X0Y0        BUFG (Prop_bufg_I_O)         0.120     3.429 r  clk_IBUF_BUFG_inst/O
                         net (fo=4426, routed)        1.895     5.324    clk_IBUF_BUFG
    SLICE_X2Y32          FDRE                                         r  por_cnt_reg[1]/C
  -------------------------------------------------------------------    -------------------
    SLICE_X2Y32          FDRE (Prop_fdre_C_Q)         0.282     5.606 r  por_cnt_reg[1]/Q
                         net (fo=7, routed)           0.568     6.174    u_game/food_x_reg_reg[0]_0[1]
    SLICE_X2Y33          LUT4 (Prop_lut4_I2_O)        0.153     6.327 f  u_game/state[1]_i_5/O
                         net (fo=1, routed)           0.237     6.563    u_game/state[1]_i_5_n_0
    SLICE_X3Y33          LUT6 (Prop_lut6_I0_O)        0.053     6.616 f  u_game/state[1]_i_2/O
                         net (fo=1676, routed)        5.673    12.289    u_game/rst
    SLICE_X41Y60         FDCE                                         f  u_game/grid_reg_reg[10]/CLR
  -------------------------------------------------------------------    -------------------

                         (clock clk100MHZ rise edge)
                                                     10.000    10.000 r  
    AC18                                              0.000    10.000 r  clk (IN)
                         net (fo=0)                   0.000    10.000    clk
    AC18                 IBUF (Prop_ibuf_I_O)         0.620    10.620 r  clk_IBUF_inst/O
                         net (fo=1, routed)           2.447    13.067    clk_IBUF
    BUFGCTRL_X0Y0        BUFG (Prop_bufg_I_O)         0.113    13.180 r  clk_IBUF_BUFG_inst/O
                         net (fo=4426, routed)        1.484    14.664    u_game/clk_IBUF_BUFG
    SLICE_X41Y60         FDCE                                         r  u_game/grid_reg_reg[10]/C
                         clock pessimism              0.261    14.925    
                         clock uncertainty           -0.035    14.890    
    SLICE_X41Y60         FDCE (Recov_fdce_C_CLR)     -0.255    14.635    u_game/grid_reg_reg[10]
  -------------------------------------------------------------------
                         required time                         14.635    
                         arrival time                         -12.289    
  -------------------------------------------------------------------
                         slack                                  2.346    

Slack (MET) :             2.346ns  (required time - arrival time)
  Source:                 por_cnt_reg[1]/C
                            (rising edge-triggered cell FDRE clocked by clk100MHZ  {rise@0.000ns fall@5.000ns period=10.000ns})
  Destination:            u_game/grid_reg_reg[138]/CLR
                            (recovery check against rising-edge clock clk100MHZ  {rise@0.000ns fall@5.000ns period=10.000ns})
  Path Group:             **async_default**
  Path Type:              Recovery (Max at Slow Process Corner)
  Requirement:            10.000ns  (clk100MHZ rise@10.000ns - clk100MHZ rise@0.000ns)
  Data Path Delay:        6.965ns  (logic 0.488ns (7.007%)  route 6.477ns (92.993%))
  Logic Levels:           2  (LUT4=1 LUT6=1)
  Clock Path Skew:        -0.399ns (DCD - SCD + CPR)
    Destination Clock Delay (DCD):    4.664ns = ( 14.664 - 10.000 ) 
    Source Clock Delay      (SCD):    5.324ns
    Clock Pessimism Removal (CPR):    0.261ns
  Clock Uncertainty:      0.035ns  ((TSJ^2 + TIJ^2)^1/2 + DJ) / 2 + PE
    Total System Jitter     (TSJ):    0.071ns
    Total Input Jitter      (TIJ):    0.000ns
    Discrete Jitter          (DJ):    0.000ns
    Phase Error              (PE):    0.000ns

    Location             Delay type                Incr(ns)  Path(ns)    Netlist Resource(s)
  -------------------------------------------------------------------    -------------------
                         (clock clk100MHZ rise edge)
                                                      0.000     0.000 r  
    AC18                                              0.000     0.000 r  clk (IN)
                         net (fo=0)                   0.000     0.000    clk
    AC18                 IBUF (Prop_ibuf_I_O)         0.745     0.745 r  clk_IBUF_inst/O
                         net (fo=1, routed)           2.564     3.309    clk_IBUF
    BUFGCTRL_X0Y0        BUFG (Prop_bufg_I_O)         0.120     3.429 r  clk_IBUF_BUFG_inst/O
                         net (fo=4426, routed)        1.895     5.324    clk_IBUF_BUFG
    SLICE_X2Y32          FDRE                                         r  por_cnt_reg[1]/C
  -------------------------------------------------------------------    -------------------
    SLICE_X2Y32          FDRE (Prop_fdre_C_Q)         0.282     5.606 r  por_cnt_reg[1]/Q
                         net (fo=7, routed)           0.568     6.174    u_game/food_x_reg_reg[0]_0[1]
    SLICE_X2Y33          LUT4 (Prop_lut4_I2_O)        0.153     6.327 f  u_game/state[1]_i_5/O
                         net (fo=1, routed)           0.237     6.563    u_game/state[1]_i_5_n_0
    SLICE_X3Y33          LUT6 (Prop_lut6_I0_O)        0.053     6.616 f  u_game/state[1]_i_2/O
                         net (fo=1676, routed)        5.673    12.289    u_game/rst
    SLICE_X41Y60         FDCE                                         f  u_game/grid_reg_reg[138]/CLR
  -------------------------------------------------------------------    -------------------

                         (clock clk100MHZ rise edge)
                                                     10.000    10.000 r  
    AC18                                              0.000    10.000 r  clk (IN)
                         net (fo=0)                   0.000    10.000    clk
    AC18                 IBUF (Prop_ibuf_I_O)         0.620    10.620 r  clk_IBUF_inst/O
                         net (fo=1, routed)           2.447    13.067    clk_IBUF
    BUFGCTRL_X0Y0        BUFG (Prop_bufg_I_O)         0.113    13.180 r  clk_IBUF_BUFG_inst/O
                         net (fo=4426, routed)        1.484    14.664    u_game/clk_IBUF_BUFG
    SLICE_X41Y60         FDCE                                         r  u_game/grid_reg_reg[138]/C
                         clock pessimism              0.261    14.925    
                         clock uncertainty           -0.035    14.890    
    SLICE_X41Y60         FDCE (Recov_fdce_C_CLR)     -0.255    14.635    u_game/grid_reg_reg[138]
  -------------------------------------------------------------------
                         required time                         14.635    
                         arrival time                         -12.289    
  -------------------------------------------------------------------
                         slack                                  2.346    

Slack (MET) :             2.400ns  (required time - arrival time)
  Source:                 por_cnt_reg[1]/C
                            (rising edge-triggered cell FDRE clocked by clk100MHZ  {rise@0.000ns fall@5.000ns period=10.000ns})
  Destination:            u_game/grid_reg_reg[965]/CLR
                            (recovery check against rising-edge clock clk100MHZ  {rise@0.000ns fall@5.000ns period=10.000ns})
  Path Group:             **async_default**
  Path Type:              Recovery (Max at Slow Process Corner)
  Requirement:            10.000ns  (clk100MHZ rise@10.000ns - clk100MHZ rise@0.000ns)
  Data Path Delay:        6.976ns  (logic 0.488ns (6.995%)  route 6.488ns (93.005%))
  Logic Levels:           2  (LUT4=1 LUT6=1)
  Clock Path Skew:        -0.397ns (DCD - SCD + CPR)
    Destination Clock Delay (DCD):    4.666ns = ( 14.666 - 10.000 ) 
    Source Clock Delay      (SCD):    5.324ns
    Clock Pessimism Removal (CPR):    0.261ns
  Clock Uncertainty:      0.035ns  ((TSJ^2 + TIJ^2)^1/2 + DJ) / 2 + PE
    Total System Jitter     (TSJ):    0.071ns
    Total Input Jitter      (TIJ):    0.000ns
    Discrete Jitter          (DJ):    0.000ns
    Phase Error              (PE):    0.000ns

    Location             Delay type                Incr(ns)  Path(ns)    Netlist Resource(s)
  -------------------------------------------------------------------    -------------------
                         (clock clk100MHZ rise edge)
                                                      0.000     0.000 r  
    AC18                                              0.000     0.000 r  clk (IN)
                         net (fo=0)                   0.000     0.000    clk
    AC18                 IBUF (Prop_ibuf_I_O)         0.745     0.745 r  clk_IBUF_inst/O
                         net (fo=1, routed)           2.564     3.309    clk_IBUF
    BUFGCTRL_X0Y0        BUFG (Prop_bufg_I_O)         0.120     3.429 r  clk_IBUF_BUFG_inst/O
                         net (fo=4426, routed)        1.895     5.324    clk_IBUF_BUFG
    SLICE_X2Y32          FDRE                                         r  por_cnt_reg[1]/C
  -------------------------------------------------------------------    -------------------
    SLICE_X2Y32          FDRE (Prop_fdre_C_Q)         0.282     5.606 r  por_cnt_reg[1]/Q
                         net (fo=7, routed)           0.568     6.174    u_game/food_x_reg_reg[0]_0[1]
    SLICE_X2Y33          LUT4 (Prop_lut4_I2_O)        0.153     6.327 f  u_game/state[1]_i_5/O
                         net (fo=1, routed)           0.237     6.563    u_game/state[1]_i_5_n_0
    SLICE_X3Y33          LUT6 (Prop_lut6_I0_O)        0.053     6.616 f  u_game/state[1]_i_2/O
                         net (fo=1676, routed)        5.684    12.300    u_game/rst
    SLICE_X40Y51         FDCE                                         f  u_game/grid_reg_reg[965]/CLR
  -------------------------------------------------------------------    -------------------

                         (clock clk100MHZ rise edge)
                                                     10.000    10.000 r  
    AC18                                              0.000    10.000 r  clk (IN)
                         net (fo=0)                   0.000    10.000    clk
    AC18                 IBUF (Prop_ibuf_I_O)         0.620    10.620 r  clk_IBUF_inst/O
                         net (fo=1, routed)           2.447    13.067    clk_IBUF
    BUFGCTRL_X0Y0        BUFG (Prop_bufg_I_O)         0.113    13.180 r  clk_IBUF_BUFG_inst/O
                         net (fo=4426, routed)        1.486    14.666    u_game/clk_IBUF_BUFG
    SLICE_X40Y51         FDCE                                         r  u_game/grid_reg_reg[965]/C
                         clock pessimism              0.261    14.927    
                         clock uncertainty           -0.035    14.892    
    SLICE_X40Y51         FDCE (Recov_fdce_C_CLR)     -0.192    14.700    u_game/grid_reg_reg[965]
  -------------------------------------------------------------------
                         required time                         14.700    
                         arrival time                         -12.300    
  -------------------------------------------------------------------
                         slack                                  2.400    

Slack (MET) :             2.400ns  (required time - arrival time)
  Source:                 por_cnt_reg[1]/C
                            (rising edge-triggered cell FDRE clocked by clk100MHZ  {rise@0.000ns fall@5.000ns period=10.000ns})
  Destination:            u_game/grid_reg_reg[971]/CLR
                            (recovery check against rising-edge clock clk100MHZ  {rise@0.000ns fall@5.000ns period=10.000ns})
  Path Group:             **async_default**
  Path Type:              Recovery (Max at Slow Process Corner)
  Requirement:            10.000ns  (clk100MHZ rise@10.000ns - clk100MHZ rise@0.000ns)
  Data Path Delay:        6.976ns  (logic 0.488ns (6.995%)  route 6.488ns (93.005%))
  Logic Levels:           2  (LUT4=1 LUT6=1)
  Clock Path Skew:        -0.397ns (DCD - SCD + CPR)
    Destination Clock Delay (DCD):    4.666ns = ( 14.666 - 10.000 ) 
    Source Clock Delay      (SCD):    5.324ns
    Clock Pessimism Removal (CPR):    0.261ns
  Clock Uncertainty:      0.035ns  ((TSJ^2 + TIJ^2)^1/2 + DJ) / 2 + PE
    Total System Jitter     (TSJ):    0.071ns
    Total Input Jitter      (TIJ):    0.000ns
    Discrete Jitter          (DJ):    0.000ns
    Phase Error              (PE):    0.000ns

    Location             Delay type                Incr(ns)  Path(ns)    Netlist Resource(s)
  -------------------------------------------------------------------    -------------------
                         (clock clk100MHZ rise edge)
                                                      0.000     0.000 r  
    AC18                                              0.000     0.000 r  clk (IN)
                         net (fo=0)                   0.000     0.000    clk
    AC18                 IBUF (Prop_ibuf_I_O)         0.745     0.745 r  clk_IBUF_inst/O
                         net (fo=1, routed)           2.564     3.309    clk_IBUF
    BUFGCTRL_X0Y0        BUFG (Prop_bufg_I_O)         0.120     3.429 r  clk_IBUF_BUFG_inst/O
                         net (fo=4426, routed)        1.895     5.324    clk_IBUF_BUFG
    SLICE_X2Y32          FDRE                                         r  por_cnt_reg[1]/C
  -------------------------------------------------------------------    -------------------
    SLICE_X2Y32          FDRE (Prop_fdre_C_Q)         0.282     5.606 r  por_cnt_reg[1]/Q
                         net (fo=7, routed)           0.568     6.174    u_game/food_x_reg_reg[0]_0[1]
    SLICE_X2Y33          LUT4 (Prop_lut4_I2_O)        0.153     6.327 f  u_game/state[1]_i_5/O
                         net (fo=1, routed)           0.237     6.563    u_game/state[1]_i_5_n_0
    SLICE_X3Y33          LUT6 (Prop_lut6_I0_O)        0.053     6.616 f  u_game/state[1]_i_2/O
                         net (fo=1676, routed)        5.684    12.300    u_game/rst
    SLICE_X40Y51         FDCE                                         f  u_game/grid_reg_reg[971]/CLR
  -------------------------------------------------------------------    -------------------

                         (clock clk100MHZ rise edge)
                                                     10.000    10.000 r  
    AC18                                              0.000    10.000 r  clk (IN)
                         net (fo=0)                   0.000    10.000    clk
    AC18                 IBUF (Prop_ibuf_I_O)         0.620    10.620 r  clk_IBUF_inst/O
                         net (fo=1, routed)           2.447    13.067    clk_IBUF
    BUFGCTRL_X0Y0        BUFG (Prop_bufg_I_O)         0.113    13.180 r  clk_IBUF_BUFG_inst/O
                         net (fo=4426, routed)        1.486    14.666    u_game/clk_IBUF_BUFG
    SLICE_X40Y51         FDCE                                         r  u_game/grid_reg_reg[971]/C
                         clock pessimism              0.261    14.927    
                         clock uncertainty           -0.035    14.892    
    SLICE_X40Y51         FDCE (Recov_fdce_C_CLR)     -0.192    14.700    u_game/grid_reg_reg[971]
  -------------------------------------------------------------------
                         required time                         14.700    
                         arrival time                         -12.300    
  -------------------------------------------------------------------
                         slack                                  2.400    

Slack (MET) :             2.409ns  (required time - arrival time)
  Source:                 por_cnt_reg[1]/C
                            (rising edge-triggered cell FDRE clocked by clk100MHZ  {rise@0.000ns fall@5.000ns period=10.000ns})
  Destination:            u_game/grid_reg_reg[456]/CLR
                            (recovery check against rising-edge clock clk100MHZ  {rise@0.000ns fall@5.000ns period=10.000ns})
  Path Group:             **async_default**
  Path Type:              Recovery (Max at Slow Process Corner)
  Requirement:            10.000ns  (clk100MHZ rise@10.000ns - clk100MHZ rise@0.000ns)
  Data Path Delay:        6.904ns  (logic 0.488ns (7.068%)  route 6.416ns (92.932%))
  Logic Levels:           2  (LUT4=1 LUT6=1)
  Clock Path Skew:        -0.397ns (DCD - SCD + CPR)
    Destination Clock Delay (DCD):    4.666ns = ( 14.666 - 10.000 ) 
    Source Clock Delay      (SCD):    5.324ns
    Clock Pessimism Removal (CPR):    0.261ns
  Clock Uncertainty:      0.035ns  ((TSJ^2 + TIJ^2)^1/2 + DJ) / 2 + PE
    Total System Jitter     (TSJ):    0.071ns
    Total Input Jitter      (TIJ):    0.000ns
    Discrete Jitter          (DJ):    0.000ns
    Phase Error              (PE):    0.000ns

    Location             Delay type                Incr(ns)  Path(ns)    Netlist Resource(s)
  -------------------------------------------------------------------    -------------------
                         (clock clk100MHZ rise edge)
                                                      0.000     0.000 r  
    AC18                                              0.000     0.000 r  clk (IN)
                         net (fo=0)                   0.000     0.000    clk
    AC18                 IBUF (Prop_ibuf_I_O)         0.745     0.745 r  clk_IBUF_inst/O
                         net (fo=1, routed)           2.564     3.309    clk_IBUF
    BUFGCTRL_X0Y0        BUFG (Prop_bufg_I_O)         0.120     3.429 r  clk_IBUF_BUFG_inst/O
                         net (fo=4426, routed)        1.895     5.324    clk_IBUF_BUFG
    SLICE_X2Y32          FDRE                                         r  por_cnt_reg[1]/C
  -------------------------------------------------------------------    -------------------
    SLICE_X2Y32          FDRE (Prop_fdre_C_Q)         0.282     5.606 r  por_cnt_reg[1]/Q
                         net (fo=7, routed)           0.568     6.174    u_game/food_x_reg_reg[0]_0[1]
    SLICE_X2Y33          LUT4 (Prop_lut4_I2_O)        0.153     6.327 f  u_game/state[1]_i_5/O
                         net (fo=1, routed)           0.237     6.563    u_game/state[1]_i_5_n_0
    SLICE_X3Y33          LUT6 (Prop_lut6_I0_O)        0.053     6.616 f  u_game/state[1]_i_2/O
                         net (fo=1676, routed)        5.612    12.228    u_game/rst
    SLICE_X36Y56         FDCE                                         f  u_game/grid_reg_reg[456]/CLR
  -------------------------------------------------------------------    -------------------

                         (clock clk100MHZ rise edge)
                                                     10.000    10.000 r  
    AC18                                              0.000    10.000 r  clk (IN)
                         net (fo=0)                   0.000    10.000    clk
    AC18                 IBUF (Prop_ibuf_I_O)         0.620    10.620 r  clk_IBUF_inst/O
                         net (fo=1, routed)           2.447    13.067    clk_IBUF
    BUFGCTRL_X0Y0        BUFG (Prop_bufg_I_O)         0.113    13.180 r  clk_IBUF_BUFG_inst/O
                         net (fo=4426, routed)        1.486    14.666    u_game/clk_IBUF_BUFG
    SLICE_X36Y56         FDCE                                         r  u_game/grid_reg_reg[456]/C
                         clock pessimism              0.261    14.927    
                         clock uncertainty           -0.035    14.892    
    SLICE_X36Y56         FDCE (Recov_fdce_C_CLR)     -0.255    14.637    u_game/grid_reg_reg[456]
  -------------------------------------------------------------------
                         required time                         14.637    
                         arrival time                         -12.228    
  -------------------------------------------------------------------
                         slack                                  2.409    

Slack (MET) :             2.409ns  (required time - arrival time)
  Source:                 por_cnt_reg[1]/C
                            (rising edge-triggered cell FDRE clocked by clk100MHZ  {rise@0.000ns fall@5.000ns period=10.000ns})
  Destination:            u_game/grid_reg_reg[460]/CLR
                            (recovery check against rising-edge clock clk100MHZ  {rise@0.000ns fall@5.000ns period=10.000ns})
  Path Group:             **async_default**
  Path Type:              Recovery (Max at Slow Process Corner)
  Requirement:            10.000ns  (clk100MHZ rise@10.000ns - clk100MHZ rise@0.000ns)
  Data Path Delay:        6.904ns  (logic 0.488ns (7.068%)  route 6.416ns (92.932%))
  Logic Levels:           2  (LUT4=1 LUT6=1)
  Clock Path Skew:        -0.397ns (DCD - SCD + CPR)
    Destination Clock Delay (DCD):    4.666ns = ( 14.666 - 10.000 ) 
    Source Clock Delay      (SCD):    5.324ns
    Clock Pessimism Removal (CPR):    0.261ns
  Clock Uncertainty:      0.035ns  ((TSJ^2 + TIJ^2)^1/2 + DJ) / 2 + PE
    Total System Jitter     (TSJ):    0.071ns
    Total Input Jitter      (TIJ):    0.000ns
    Discrete Jitter          (DJ):    0.000ns
    Phase Error              (PE):    0.000ns

    Location             Delay type                Incr(ns)  Path(ns)    Netlist Resource(s)
  -------------------------------------------------------------------    -------------------
                         (clock clk100MHZ rise edge)
                                                      0.000     0.000 r  
    AC18                                              0.000     0.000 r  clk (IN)
                         net (fo=0)                   0.000     0.000    clk
    AC18                 IBUF (Prop_ibuf_I_O)         0.745     0.745 r  clk_IBUF_inst/O
                         net (fo=1, routed)           2.564     3.309    clk_IBUF
    BUFGCTRL_X0Y0        BUFG (Prop_bufg_I_O)         0.120     3.429 r  clk_IBUF_BUFG_inst/O
                         net (fo=4426, routed)        1.895     5.324    clk_IBUF_BUFG
    SLICE_X2Y32          FDRE                                         r  por_cnt_reg[1]/C
  -------------------------------------------------------------------    -------------------
    SLICE_X2Y32          FDRE (Prop_fdre_C_Q)         0.282     5.606 r  por_cnt_reg[1]/Q
                         net (fo=7, routed)           0.568     6.174    u_game/food_x_reg_reg[0]_0[1]
    SLICE_X2Y33          LUT4 (Prop_lut4_I2_O)        0.153     6.327 f  u_game/state[1]_i_5/O
                         net (fo=1, routed)           0.237     6.563    u_game/state[1]_i_5_n_0
    SLICE_X3Y33          LUT6 (Prop_lut6_I0_O)        0.053     6.616 f  u_game/state[1]_i_2/O
                         net (fo=1676, routed)        5.612    12.228    u_game/rst
    SLICE_X36Y56         FDCE                                         f  u_game/grid_reg_reg[460]/CLR
  -------------------------------------------------------------------    -------------------

                         (clock clk100MHZ rise edge)
                                                     10.000    10.000 r  
    AC18                                              0.000    10.000 r  clk (IN)
                         net (fo=0)                   0.000    10.000    clk
    AC18                 IBUF (Prop_ibuf_I_O)         0.620    10.620 r  clk_IBUF_inst/O
                         net (fo=1, routed)           2.447    13.067    clk_IBUF
    BUFGCTRL_X0Y0        BUFG (Prop_bufg_I_O)         0.113    13.180 r  clk_IBUF_BUFG_inst/O
                         net (fo=4426, routed)        1.486    14.666    u_game/clk_IBUF_BUFG
    SLICE_X36Y56         FDCE                                         r  u_game/grid_reg_reg[460]/C
                         clock pessimism              0.261    14.927    
                         clock uncertainty           -0.035    14.892    
    SLICE_X36Y56         FDCE (Recov_fdce_C_CLR)     -0.255    14.637    u_game/grid_reg_reg[460]
  -------------------------------------------------------------------
                         required time                         14.637    
                         arrival time                         -12.228    
  -------------------------------------------------------------------
                         slack                                  2.409    

Slack (MET) :             2.411ns  (required time - arrival time)
  Source:                 por_cnt_reg[1]/C
                            (rising edge-triggered cell FDRE clocked by clk100MHZ  {rise@0.000ns fall@5.000ns period=10.000ns})
  Destination:            u_game/grid_reg_reg[448]/CLR
                            (recovery check against rising-edge clock clk100MHZ  {rise@0.000ns fall@5.000ns period=10.000ns})
  Path Group:             **async_default**
  Path Type:              Recovery (Max at Slow Process Corner)
  Requirement:            10.000ns  (clk100MHZ rise@10.000ns - clk100MHZ rise@0.000ns)
  Data Path Delay:        6.902ns  (logic 0.488ns (7.071%)  route 6.414ns (92.929%))
  Logic Levels:           2  (LUT4=1 LUT6=1)
  Clock Path Skew:        -0.397ns (DCD - SCD + CPR)
    Destination Clock Delay (DCD):    4.666ns = ( 14.666 - 10.000 ) 
    Source Clock Delay      (SCD):    5.324ns
    Clock Pessimism Removal (CPR):    0.261ns
  Clock Uncertainty:      0.035ns  ((TSJ^2 + TIJ^2)^1/2 + DJ) / 2 + PE
    Total System Jitter     (TSJ):    0.071ns
    Total Input Jitter      (TIJ):    0.000ns
    Discrete Jitter          (DJ):    0.000ns
    Phase Error              (PE):    0.000ns

    Location             Delay type                Incr(ns)  Path(ns)    Netlist Resource(s)
  -------------------------------------------------------------------    -------------------
                         (clock clk100MHZ rise edge)
                                                      0.000     0.000 r  
    AC18                                              0.000     0.000 r  clk (IN)
                         net (fo=0)                   0.000     0.000    clk
    AC18                 IBUF (Prop_ibuf_I_O)         0.745     0.745 r  clk_IBUF_inst/O
                         net (fo=1, routed)           2.564     3.309    clk_IBUF
    BUFGCTRL_X0Y0        BUFG (Prop_bufg_I_O)         0.120     3.429 r  clk_IBUF_BUFG_inst/O
                         net (fo=4426, routed)        1.895     5.324    clk_IBUF_BUFG
    SLICE_X2Y32          FDRE                                         r  por_cnt_reg[1]/C
  -------------------------------------------------------------------    -------------------
    SLICE_X2Y32          FDRE (Prop_fdre_C_Q)         0.282     5.606 r  por_cnt_reg[1]/Q
                         net (fo=7, routed)           0.568     6.174    u_game/food_x_reg_reg[0]_0[1]
    SLICE_X2Y33          LUT4 (Prop_lut4_I2_O)        0.153     6.327 f  u_game/state[1]_i_5/O
                         net (fo=1, routed)           0.237     6.563    u_game/state[1]_i_5_n_0
    SLICE_X3Y33          LUT6 (Prop_lut6_I0_O)        0.053     6.616 f  u_game/state[1]_i_2/O
                         net (fo=1676, routed)        5.610    12.226    u_game/rst
    SLICE_X37Y56         FDCE                                         f  u_game/grid_reg_reg[448]/CLR
  -------------------------------------------------------------------    -------------------

                         (clock clk100MHZ rise edge)
                                                     10.000    10.000 r  
    AC18                                              0.000    10.000 r  clk (IN)
                         net (fo=0)                   0.000    10.000    clk
    AC18                 IBUF (Prop_ibuf_I_O)         0.620    10.620 r  clk_IBUF_inst/O
                         net (fo=1, routed)           2.447    13.067    clk_IBUF
    BUFGCTRL_X0Y0        BUFG (Prop_bufg_I_O)         0.113    13.180 r  clk_IBUF_BUFG_inst/O
                         net (fo=4426, routed)        1.486    14.666    u_game/clk_IBUF_BUFG
    SLICE_X37Y56         FDCE                                         r  u_game/grid_reg_reg[448]/C
                         clock pessimism              0.261    14.927    
                         clock uncertainty           -0.035    14.892    
    SLICE_X37Y56         FDCE (Recov_fdce_C_CLR)     -0.255    14.637    u_game/grid_reg_reg[448]
  -------------------------------------------------------------------
                         required time                         14.637    
                         arrival time                         -12.226    
  -------------------------------------------------------------------
                         slack                                  2.411    

Slack (MET) :             2.459ns  (required time - arrival time)
  Source:                 por_cnt_reg[1]/C
                            (rising edge-triggered cell FDRE clocked by clk100MHZ  {rise@0.000ns fall@5.000ns period=10.000ns})
  Destination:            u_game/grid_reg_reg[393]/CLR
                            (recovery check against rising-edge clock clk100MHZ  {rise@0.000ns fall@5.000ns period=10.000ns})
  Path Group:             **async_default**
  Path Type:              Recovery (Max at Slow Process Corner)
  Requirement:            10.000ns  (clk100MHZ rise@10.000ns - clk100MHZ rise@0.000ns)
  Data Path Delay:        6.852ns  (logic 0.488ns (7.122%)  route 6.364ns (92.878%))
  Logic Levels:           2  (LUT4=1 LUT6=1)
  Clock Path Skew:        -0.399ns (DCD - SCD + CPR)
    Destination Clock Delay (DCD):    4.664ns = ( 14.664 - 10.000 ) 
    Source Clock Delay      (SCD):    5.324ns
    Clock Pessimism Removal (CPR):    0.261ns
  Clock Uncertainty:      0.035ns  ((TSJ^2 + TIJ^2)^1/2 + DJ) / 2 + PE
    Total System Jitter     (TSJ):    0.071ns
    Total Input Jitter      (TIJ):    0.000ns
    Discrete Jitter          (DJ):    0.000ns
    Phase Error              (PE):    0.000ns

    Location             Delay type                Incr(ns)  Path(ns)    Netlist Resource(s)
  -------------------------------------------------------------------    -------------------
                         (clock clk100MHZ rise edge)
                                                      0.000     0.000 r  
    AC18                                              0.000     0.000 r  clk (IN)
                         net (fo=0)                   0.000     0.000    clk
    AC18                 IBUF (Prop_ibuf_I_O)         0.745     0.745 r  clk_IBUF_inst/O
                         net (fo=1, routed)           2.564     3.309    clk_IBUF
    BUFGCTRL_X0Y0        BUFG (Prop_bufg_I_O)         0.120     3.429 r  clk_IBUF_BUFG_inst/O
                         net (fo=4426, routed)        1.895     5.324    clk_IBUF_BUFG
    SLICE_X2Y32          FDRE                                         r  por_cnt_reg[1]/C
  -------------------------------------------------------------------    -------------------
    SLICE_X2Y32          FDRE (Prop_fdre_C_Q)         0.282     5.606 r  por_cnt_reg[1]/Q
                         net (fo=7, routed)           0.568     6.174    u_game/food_x_reg_reg[0]_0[1]
    SLICE_X2Y33          LUT4 (Prop_lut4_I2_O)        0.153     6.327 f  u_game/state[1]_i_5/O
                         net (fo=1, routed)           0.237     6.563    u_game/state[1]_i_5_n_0
    SLICE_X3Y33          LUT6 (Prop_lut6_I0_O)        0.053     6.616 f  u_game/state[1]_i_2/O
                         net (fo=1676, routed)        5.560    12.176    u_game/rst
    SLICE_X43Y57         FDCE                                         f  u_game/grid_reg_reg[393]/CLR
  -------------------------------------------------------------------    -------------------

                         (clock clk100MHZ rise edge)
                                                     10.000    10.000 r  
    AC18                                              0.000    10.000 r  clk (IN)
                         net (fo=0)                   0.000    10.000    clk
    AC18                 IBUF (Prop_ibuf_I_O)         0.620    10.620 r  clk_IBUF_inst/O
                         net (fo=1, routed)           2.447    13.067    clk_IBUF
    BUFGCTRL_X0Y0        BUFG (Prop_bufg_I_O)         0.113    13.180 r  clk_IBUF_BUFG_inst/O
                         net (fo=4426, routed)        1.484    14.664    u_game/clk_IBUF_BUFG
    SLICE_X43Y57         FDCE                                         r  u_game/grid_reg_reg[393]/C
                         clock pessimism              0.261    14.925    
                         clock uncertainty           -0.035    14.890    
    SLICE_X43Y57         FDCE (Recov_fdce_C_CLR)     -0.255    14.635    u_game/grid_reg_reg[393]
  -------------------------------------------------------------------
                         required time                         14.635    
                         arrival time                         -12.176    
  -------------------------------------------------------------------
                         slack                                  2.459    





Min Delay Paths
--------------------------------------------------------------------------------------
Slack (MET) :             0.562ns  (arrival time - required time)
  Source:                 por_cnt_reg[5]/C
                            (rising edge-triggered cell FDRE clocked by clk100MHZ  {rise@0.000ns fall@5.000ns period=10.000ns})
  Destination:            u_dbs/debounce_shift_reg[10]/PRE
                            (removal check against rising-edge clock clk100MHZ  {rise@0.000ns fall@5.000ns period=10.000ns})
  Path Group:             **async_default**
  Path Type:              Removal (Min at Fast Process Corner)
  Requirement:            0.000ns  (clk100MHZ rise@0.000ns - clk100MHZ rise@0.000ns)
  Data Path Delay:        0.538ns  (logic 0.146ns (27.114%)  route 0.392ns (72.886%))
  Logic Levels:           1  (LUT6=1)
  Clock Path Skew:        0.028ns (DCD - SCD - CPR)
    Destination Clock Delay (DCD):    2.433ns
    Source Clock Delay      (SCD):    1.958ns
    Clock Pessimism Removal (CPR):    0.447ns

    Location             Delay type                Incr(ns)  Path(ns)    Netlist Resource(s)
  -------------------------------------------------------------------    -------------------
                         (clock clk100MHZ rise edge)
                                                      0.000     0.000 r  
    AC18                                              0.000     0.000 r  clk (IN)
                         net (fo=0)                   0.000     0.000    clk
    AC18                 IBUF (Prop_ibuf_I_O)         0.146     0.146 r  clk_IBUF_inst/O
                         net (fo=1, routed)           1.074     1.220    clk_IBUF
    BUFGCTRL_X0Y0        BUFG (Prop_bufg_I_O)         0.026     1.246 r  clk_IBUF_BUFG_inst/O
                         net (fo=4426, routed)        0.712     1.958    clk_IBUF_BUFG
    SLICE_X2Y33          FDRE                                         r  por_cnt_reg[5]/C
  -------------------------------------------------------------------    -------------------
    SLICE_X2Y33          FDRE (Prop_fdre_C_Q)         0.118     2.076 r  por_cnt_reg[5]/Q
                         net (fo=5, routed)           0.158     2.234    u_game/food_x_reg_reg[0]_0[5]
    SLICE_X3Y33          LUT6 (Prop_lut6_I4_O)        0.028     2.262 f  u_game/state[1]_i_2/O
                         net (fo=1676, routed)        0.234     2.496    u_dbs/rst
    SLICE_X6Y32          FDPE                                         f  u_dbs/debounce_shift_reg[10]/PRE
  -------------------------------------------------------------------    -------------------

                         (clock clk100MHZ rise edge)
                                                      0.000     0.000 r  
    AC18                                              0.000     0.000 r  clk (IN)
                         net (fo=0)                   0.000     0.000    clk
    AC18                 IBUF (Prop_ibuf_I_O)         0.312     0.312 r  clk_IBUF_inst/O
                         net (fo=1, routed)           1.143     1.455    clk_IBUF
    BUFGCTRL_X0Y0        BUFG (Prop_bufg_I_O)         0.030     1.485 r  clk_IBUF_BUFG_inst/O
                         net (fo=4426, routed)        0.948     2.433    u_dbs/clk_IBUF_BUFG
    SLICE_X6Y32          FDPE                                         r  u_dbs/debounce_shift_reg[10]/C
                         clock pessimism             -0.447     1.986    
    SLICE_X6Y32          FDPE (Remov_fdpe_C_PRE)     -0.052     1.934    u_dbs/debounce_shift_reg[10]
  -------------------------------------------------------------------
                         required time                         -1.934    
                         arrival time                           2.496    
  -------------------------------------------------------------------
                         slack                                  0.562    

Slack (MET) :             0.562ns  (arrival time - required time)
  Source:                 por_cnt_reg[5]/C
                            (rising edge-triggered cell FDRE clocked by clk100MHZ  {rise@0.000ns fall@5.000ns period=10.000ns})
  Destination:            u_dbs/debounce_shift_reg[11]/PRE
                            (removal check against rising-edge clock clk100MHZ  {rise@0.000ns fall@5.000ns period=10.000ns})
  Path Group:             **async_default**
  Path Type:              Removal (Min at Fast Process Corner)
  Requirement:            0.000ns  (clk100MHZ rise@0.000ns - clk100MHZ rise@0.000ns)
  Data Path Delay:        0.538ns  (logic 0.146ns (27.114%)  route 0.392ns (72.886%))
  Logic Levels:           1  (LUT6=1)
  Clock Path Skew:        0.028ns (DCD - SCD - CPR)
    Destination Clock Delay (DCD):    2.433ns
    Source Clock Delay      (SCD):    1.958ns
    Clock Pessimism Removal (CPR):    0.447ns

    Location             Delay type                Incr(ns)  Path(ns)    Netlist Resource(s)
  -------------------------------------------------------------------    -------------------
                         (clock clk100MHZ rise edge)
                                                      0.000     0.000 r  
    AC18                                              0.000     0.000 r  clk (IN)
                         net (fo=0)                   0.000     0.000    clk
    AC18                 IBUF (Prop_ibuf_I_O)         0.146     0.146 r  clk_IBUF_inst/O
                         net (fo=1, routed)           1.074     1.220    clk_IBUF
    BUFGCTRL_X0Y0        BUFG (Prop_bufg_I_O)         0.026     1.246 r  clk_IBUF_BUFG_inst/O
                         net (fo=4426, routed)        0.712     1.958    clk_IBUF_BUFG
    SLICE_X2Y33          FDRE                                         r  por_cnt_reg[5]/C
  -------------------------------------------------------------------    -------------------
    SLICE_X2Y33          FDRE (Prop_fdre_C_Q)         0.118     2.076 r  por_cnt_reg[5]/Q
                         net (fo=5, routed)           0.158     2.234    u_game/food_x_reg_reg[0]_0[5]
    SLICE_X3Y33          LUT6 (Prop_lut6_I4_O)        0.028     2.262 f  u_game/state[1]_i_2/O
                         net (fo=1676, routed)        0.234     2.496    u_dbs/rst
    SLICE_X6Y32          FDPE                                         f  u_dbs/debounce_shift_reg[11]/PRE
  -------------------------------------------------------------------    -------------------

                         (clock clk100MHZ rise edge)
                                                      0.000     0.000 r  
    AC18                                              0.000     0.000 r  clk (IN)
                         net (fo=0)                   0.000     0.000    clk
    AC18                 IBUF (Prop_ibuf_I_O)         0.312     0.312 r  clk_IBUF_inst/O
                         net (fo=1, routed)           1.143     1.455    clk_IBUF
    BUFGCTRL_X0Y0        BUFG (Prop_bufg_I_O)         0.030     1.485 r  clk_IBUF_BUFG_inst/O
                         net (fo=4426, routed)        0.948     2.433    u_dbs/clk_IBUF_BUFG
    SLICE_X6Y32          FDPE                                         r  u_dbs/debounce_shift_reg[11]/C
                         clock pessimism             -0.447     1.986    
    SLICE_X6Y32          FDPE (Remov_fdpe_C_PRE)     -0.052     1.934    u_dbs/debounce_shift_reg[11]
  -------------------------------------------------------------------
                         required time                         -1.934    
                         arrival time                           2.496    
  -------------------------------------------------------------------
                         slack                                  0.562    

Slack (MET) :             0.562ns  (arrival time - required time)
  Source:                 por_cnt_reg[5]/C
                            (rising edge-triggered cell FDRE clocked by clk100MHZ  {rise@0.000ns fall@5.000ns period=10.000ns})
  Destination:            u_dbs/debounce_shift_reg[12]/PRE
                            (removal check against rising-edge clock clk100MHZ  {rise@0.000ns fall@5.000ns period=10.000ns})
  Path Group:             **async_default**
  Path Type:              Removal (Min at Fast Process Corner)
  Requirement:            0.000ns  (clk100MHZ rise@0.000ns - clk100MHZ rise@0.000ns)
  Data Path Delay:        0.538ns  (logic 0.146ns (27.114%)  route 0.392ns (72.886%))
  Logic Levels:           1  (LUT6=1)
  Clock Path Skew:        0.028ns (DCD - SCD - CPR)
    Destination Clock Delay (DCD):    2.433ns
    Source Clock Delay      (SCD):    1.958ns
    Clock Pessimism Removal (CPR):    0.447ns

    Location             Delay type                Incr(ns)  Path(ns)    Netlist Resource(s)
  -------------------------------------------------------------------    -------------------
                         (clock clk100MHZ rise edge)
                                                      0.000     0.000 r  
    AC18                                              0.000     0.000 r  clk (IN)
                         net (fo=0)                   0.000     0.000    clk
    AC18                 IBUF (Prop_ibuf_I_O)         0.146     0.146 r  clk_IBUF_inst/O
                         net (fo=1, routed)           1.074     1.220    clk_IBUF
    BUFGCTRL_X0Y0        BUFG (Prop_bufg_I_O)         0.026     1.246 r  clk_IBUF_BUFG_inst/O
                         net (fo=4426, routed)        0.712     1.958    clk_IBUF_BUFG
    SLICE_X2Y33          FDRE                                         r  por_cnt_reg[5]/C
  -------------------------------------------------------------------    -------------------
    SLICE_X2Y33          FDRE (Prop_fdre_C_Q)         0.118     2.076 r  por_cnt_reg[5]/Q
                         net (fo=5, routed)           0.158     2.234    u_game/food_x_reg_reg[0]_0[5]
    SLICE_X3Y33          LUT6 (Prop_lut6_I4_O)        0.028     2.262 f  u_game/state[1]_i_2/O
                         net (fo=1676, routed)        0.234     2.496    u_dbs/rst
    SLICE_X6Y32          FDPE                                         f  u_dbs/debounce_shift_reg[12]/PRE
  -------------------------------------------------------------------    -------------------

                         (clock clk100MHZ rise edge)
                                                      0.000     0.000 r  
    AC18                                              0.000     0.000 r  clk (IN)
                         net (fo=0)                   0.000     0.000    clk
    AC18                 IBUF (Prop_ibuf_I_O)         0.312     0.312 r  clk_IBUF_inst/O
                         net (fo=1, routed)           1.143     1.455    clk_IBUF
    BUFGCTRL_X0Y0        BUFG (Prop_bufg_I_O)         0.030     1.485 r  clk_IBUF_BUFG_inst/O
                         net (fo=4426, routed)        0.948     2.433    u_dbs/clk_IBUF_BUFG
    SLICE_X6Y32          FDPE                                         r  u_dbs/debounce_shift_reg[12]/C
                         clock pessimism             -0.447     1.986    
    SLICE_X6Y32          FDPE (Remov_fdpe_C_PRE)     -0.052     1.934    u_dbs/debounce_shift_reg[12]
  -------------------------------------------------------------------
                         required time                         -1.934    
                         arrival time                           2.496    
  -------------------------------------------------------------------
                         slack                                  0.562    

Slack (MET) :             0.562ns  (arrival time - required time)
  Source:                 por_cnt_reg[5]/C
                            (rising edge-triggered cell FDRE clocked by clk100MHZ  {rise@0.000ns fall@5.000ns period=10.000ns})
  Destination:            u_dbs/debounce_shift_reg[13]/PRE
                            (removal check against rising-edge clock clk100MHZ  {rise@0.000ns fall@5.000ns period=10.000ns})
  Path Group:             **async_default**
  Path Type:              Removal (Min at Fast Process Corner)
  Requirement:            0.000ns  (clk100MHZ rise@0.000ns - clk100MHZ rise@0.000ns)
  Data Path Delay:        0.538ns  (logic 0.146ns (27.114%)  route 0.392ns (72.886%))
  Logic Levels:           1  (LUT6=1)
  Clock Path Skew:        0.028ns (DCD - SCD - CPR)
    Destination Clock Delay (DCD):    2.433ns
    Source Clock Delay      (SCD):    1.958ns
    Clock Pessimism Removal (CPR):    0.447ns

    Location             Delay type                Incr(ns)  Path(ns)    Netlist Resource(s)
  -------------------------------------------------------------------    -------------------
                         (clock clk100MHZ rise edge)
                                                      0.000     0.000 r  
    AC18                                              0.000     0.000 r  clk (IN)
                         net (fo=0)                   0.000     0.000    clk
    AC18                 IBUF (Prop_ibuf_I_O)         0.146     0.146 r  clk_IBUF_inst/O
                         net (fo=1, routed)           1.074     1.220    clk_IBUF
    BUFGCTRL_X0Y0        BUFG (Prop_bufg_I_O)         0.026     1.246 r  clk_IBUF_BUFG_inst/O
                         net (fo=4426, routed)        0.712     1.958    clk_IBUF_BUFG
    SLICE_X2Y33          FDRE                                         r  por_cnt_reg[5]/C
  -------------------------------------------------------------------    -------------------
    SLICE_X2Y33          FDRE (Prop_fdre_C_Q)         0.118     2.076 r  por_cnt_reg[5]/Q
                         net (fo=5, routed)           0.158     2.234    u_game/food_x_reg_reg[0]_0[5]
    SLICE_X3Y33          LUT6 (Prop_lut6_I4_O)        0.028     2.262 f  u_game/state[1]_i_2/O
                         net (fo=1676, routed)        0.234     2.496    u_dbs/rst
    SLICE_X6Y32          FDPE                                         f  u_dbs/debounce_shift_reg[13]/PRE
  -------------------------------------------------------------------    -------------------

                         (clock clk100MHZ rise edge)
                                                      0.000     0.000 r  
    AC18                                              0.000     0.000 r  clk (IN)
                         net (fo=0)                   0.000     0.000    clk
    AC18                 IBUF (Prop_ibuf_I_O)         0.312     0.312 r  clk_IBUF_inst/O
                         net (fo=1, routed)           1.143     1.455    clk_IBUF
    BUFGCTRL_X0Y0        BUFG (Prop_bufg_I_O)         0.030     1.485 r  clk_IBUF_BUFG_inst/O
                         net (fo=4426, routed)        0.948     2.433    u_dbs/clk_IBUF_BUFG
    SLICE_X6Y32          FDPE                                         r  u_dbs/debounce_shift_reg[13]/C
                         clock pessimism             -0.447     1.986    
    SLICE_X6Y32          FDPE (Remov_fdpe_C_PRE)     -0.052     1.934    u_dbs/debounce_shift_reg[13]
  -------------------------------------------------------------------
                         required time                         -1.934    
                         arrival time                           2.496    
  -------------------------------------------------------------------
                         slack                                  0.562    

Slack (MET) :             0.562ns  (arrival time - required time)
  Source:                 por_cnt_reg[5]/C
                            (rising edge-triggered cell FDRE clocked by clk100MHZ  {rise@0.000ns fall@5.000ns period=10.000ns})
  Destination:            u_dbs/debounce_shift_reg[14]/PRE
                            (removal check against rising-edge clock clk100MHZ  {rise@0.000ns fall@5.000ns period=10.000ns})
  Path Group:             **async_default**
  Path Type:              Removal (Min at Fast Process Corner)
  Requirement:            0.000ns  (clk100MHZ rise@0.000ns - clk100MHZ rise@0.000ns)
  Data Path Delay:        0.538ns  (logic 0.146ns (27.114%)  route 0.392ns (72.886%))
  Logic Levels:           1  (LUT6=1)
  Clock Path Skew:        0.028ns (DCD - SCD - CPR)
    Destination Clock Delay (DCD):    2.433ns
    Source Clock Delay      (SCD):    1.958ns
    Clock Pessimism Removal (CPR):    0.447ns

    Location             Delay type                Incr(ns)  Path(ns)    Netlist Resource(s)
  -------------------------------------------------------------------    -------------------
                         (clock clk100MHZ rise edge)
                                                      0.000     0.000 r  
    AC18                                              0.000     0.000 r  clk (IN)
                         net (fo=0)                   0.000     0.000    clk
    AC18                 IBUF (Prop_ibuf_I_O)         0.146     0.146 r  clk_IBUF_inst/O
                         net (fo=1, routed)           1.074     1.220    clk_IBUF
    BUFGCTRL_X0Y0        BUFG (Prop_bufg_I_O)         0.026     1.246 r  clk_IBUF_BUFG_inst/O
                         net (fo=4426, routed)        0.712     1.958    clk_IBUF_BUFG
    SLICE_X2Y33          FDRE                                         r  por_cnt_reg[5]/C
  -------------------------------------------------------------------    -------------------
    SLICE_X2Y33          FDRE (Prop_fdre_C_Q)         0.118     2.076 r  por_cnt_reg[5]/Q
                         net (fo=5, routed)           0.158     2.234    u_game/food_x_reg_reg[0]_0[5]
    SLICE_X3Y33          LUT6 (Prop_lut6_I4_O)        0.028     2.262 f  u_game/state[1]_i_2/O
                         net (fo=1676, routed)        0.234     2.496    u_dbs/rst
    SLICE_X6Y32          FDPE                                         f  u_dbs/debounce_shift_reg[14]/PRE
  -------------------------------------------------------------------    -------------------

                         (clock clk100MHZ rise edge)
                                                      0.000     0.000 r  
    AC18                                              0.000     0.000 r  clk (IN)
                         net (fo=0)                   0.000     0.000    clk
    AC18                 IBUF (Prop_ibuf_I_O)         0.312     0.312 r  clk_IBUF_inst/O
                         net (fo=1, routed)           1.143     1.455    clk_IBUF
    BUFGCTRL_X0Y0        BUFG (Prop_bufg_I_O)         0.030     1.485 r  clk_IBUF_BUFG_inst/O
                         net (fo=4426, routed)        0.948     2.433    u_dbs/clk_IBUF_BUFG
    SLICE_X6Y32          FDPE                                         r  u_dbs/debounce_shift_reg[14]/C
                         clock pessimism             -0.447     1.986    
    SLICE_X6Y32          FDPE (Remov_fdpe_C_PRE)     -0.052     1.934    u_dbs/debounce_shift_reg[14]
  -------------------------------------------------------------------
                         required time                         -1.934    
                         arrival time                           2.496    
  -------------------------------------------------------------------
                         slack                                  0.562    

Slack (MET) :             0.562ns  (arrival time - required time)
  Source:                 por_cnt_reg[5]/C
                            (rising edge-triggered cell FDRE clocked by clk100MHZ  {rise@0.000ns fall@5.000ns period=10.000ns})
  Destination:            u_dbs/debounce_shift_reg[15]/PRE
                            (removal check against rising-edge clock clk100MHZ  {rise@0.000ns fall@5.000ns period=10.000ns})
  Path Group:             **async_default**
  Path Type:              Removal (Min at Fast Process Corner)
  Requirement:            0.000ns  (clk100MHZ rise@0.000ns - clk100MHZ rise@0.000ns)
  Data Path Delay:        0.538ns  (logic 0.146ns (27.114%)  route 0.392ns (72.886%))
  Logic Levels:           1  (LUT6=1)
  Clock Path Skew:        0.028ns (DCD - SCD - CPR)
    Destination Clock Delay (DCD):    2.433ns
    Source Clock Delay      (SCD):    1.958ns
    Clock Pessimism Removal (CPR):    0.447ns

    Location             Delay type                Incr(ns)  Path(ns)    Netlist Resource(s)
  -------------------------------------------------------------------    -------------------
                         (clock clk100MHZ rise edge)
                                                      0.000     0.000 r  
    AC18                                              0.000     0.000 r  clk (IN)
                         net (fo=0)                   0.000     0.000    clk
    AC18                 IBUF (Prop_ibuf_I_O)         0.146     0.146 r  clk_IBUF_inst/O
                         net (fo=1, routed)           1.074     1.220    clk_IBUF
    BUFGCTRL_X0Y0        BUFG (Prop_bufg_I_O)         0.026     1.246 r  clk_IBUF_BUFG_inst/O
                         net (fo=4426, routed)        0.712     1.958    clk_IBUF_BUFG
    SLICE_X2Y33          FDRE                                         r  por_cnt_reg[5]/C
  -------------------------------------------------------------------    -------------------
    SLICE_X2Y33          FDRE (Prop_fdre_C_Q)         0.118     2.076 r  por_cnt_reg[5]/Q
                         net (fo=5, routed)           0.158     2.234    u_game/food_x_reg_reg[0]_0[5]
    SLICE_X3Y33          LUT6 (Prop_lut6_I4_O)        0.028     2.262 f  u_game/state[1]_i_2/O
                         net (fo=1676, routed)        0.234     2.496    u_dbs/rst
    SLICE_X6Y32          FDPE                                         f  u_dbs/debounce_shift_reg[15]/PRE
  -------------------------------------------------------------------    -------------------

                         (clock clk100MHZ rise edge)
                                                      0.000     0.000 r  
    AC18                                              0.000     0.000 r  clk (IN)
                         net (fo=0)                   0.000     0.000    clk
    AC18                 IBUF (Prop_ibuf_I_O)         0.312     0.312 r  clk_IBUF_inst/O
                         net (fo=1, routed)           1.143     1.455    clk_IBUF
    BUFGCTRL_X0Y0        BUFG (Prop_bufg_I_O)         0.030     1.485 r  clk_IBUF_BUFG_inst/O
                         net (fo=4426, routed)        0.948     2.433    u_dbs/clk_IBUF_BUFG
    SLICE_X6Y32          FDPE                                         r  u_dbs/debounce_shift_reg[15]/C
                         clock pessimism             -0.447     1.986    
    SLICE_X6Y32          FDPE (Remov_fdpe_C_PRE)     -0.052     1.934    u_dbs/debounce_shift_reg[15]
  -------------------------------------------------------------------
                         required time                         -1.934    
                         arrival time                           2.496    
  -------------------------------------------------------------------
                         slack                                  0.562    

Slack (MET) :             0.562ns  (arrival time - required time)
  Source:                 por_cnt_reg[5]/C
                            (rising edge-triggered cell FDRE clocked by clk100MHZ  {rise@0.000ns fall@5.000ns period=10.000ns})
  Destination:            u_dbs/debounce_shift_reg[9]/PRE
                            (removal check against rising-edge clock clk100MHZ  {rise@0.000ns fall@5.000ns period=10.000ns})
  Path Group:             **async_default**
  Path Type:              Removal (Min at Fast Process Corner)
  Requirement:            0.000ns  (clk100MHZ rise@0.000ns - clk100MHZ rise@0.000ns)
  Data Path Delay:        0.538ns  (logic 0.146ns (27.114%)  route 0.392ns (72.886%))
  Logic Levels:           1  (LUT6=1)
  Clock Path Skew:        0.028ns (DCD - SCD - CPR)
    Destination Clock Delay (DCD):    2.433ns
    Source Clock Delay      (SCD):    1.958ns
    Clock Pessimism Removal (CPR):    0.447ns

    Location             Delay type                Incr(ns)  Path(ns)    Netlist Resource(s)
  -------------------------------------------------------------------    -------------------
                         (clock clk100MHZ rise edge)
                                                      0.000     0.000 r  
    AC18                                              0.000     0.000 r  clk (IN)
                         net (fo=0)                   0.000     0.000    clk
    AC18                 IBUF (Prop_ibuf_I_O)         0.146     0.146 r  clk_IBUF_inst/O
                         net (fo=1, routed)           1.074     1.220    clk_IBUF
    BUFGCTRL_X0Y0        BUFG (Prop_bufg_I_O)         0.026     1.246 r  clk_IBUF_BUFG_inst/O
                         net (fo=4426, routed)        0.712     1.958    clk_IBUF_BUFG
    SLICE_X2Y33          FDRE                                         r  por_cnt_reg[5]/C
  -------------------------------------------------------------------    -------------------
    SLICE_X2Y33          FDRE (Prop_fdre_C_Q)         0.118     2.076 r  por_cnt_reg[5]/Q
                         net (fo=5, routed)           0.158     2.234    u_game/food_x_reg_reg[0]_0[5]
    SLICE_X3Y33          LUT6 (Prop_lut6_I4_O)        0.028     2.262 f  u_game/state[1]_i_2/O
                         net (fo=1676, routed)        0.234     2.496    u_dbs/rst
    SLICE_X6Y32          FDPE                                         f  u_dbs/debounce_shift_reg[9]/PRE
  -------------------------------------------------------------------    -------------------

                         (clock clk100MHZ rise edge)
                                                      0.000     0.000 r  
    AC18                                              0.000     0.000 r  clk (IN)
                         net (fo=0)                   0.000     0.000    clk
    AC18                 IBUF (Prop_ibuf_I_O)         0.312     0.312 r  clk_IBUF_inst/O
                         net (fo=1, routed)           1.143     1.455    clk_IBUF
    BUFGCTRL_X0Y0        BUFG (Prop_bufg_I_O)         0.030     1.485 r  clk_IBUF_BUFG_inst/O
                         net (fo=4426, routed)        0.948     2.433    u_dbs/clk_IBUF_BUFG
    SLICE_X6Y32          FDPE                                         r  u_dbs/debounce_shift_reg[9]/C
                         clock pessimism             -0.447     1.986    
    SLICE_X6Y32          FDPE (Remov_fdpe_C_PRE)     -0.052     1.934    u_dbs/debounce_shift_reg[9]
  -------------------------------------------------------------------
                         required time                         -1.934    
                         arrival time                           2.496    
  -------------------------------------------------------------------
                         slack                                  0.562    

Slack (MET) :             0.613ns  (arrival time - required time)
  Source:                 por_cnt_reg[5]/C
                            (rising edge-triggered cell FDRE clocked by clk100MHZ  {rise@0.000ns fall@5.000ns period=10.000ns})
  Destination:            u_dbs/debounce_shift_reg[8]/PRE
                            (removal check against rising-edge clock clk100MHZ  {rise@0.000ns fall@5.000ns period=10.000ns})
  Path Group:             **async_default**
  Path Type:              Removal (Min at Fast Process Corner)
  Requirement:            0.000ns  (clk100MHZ rise@0.000ns - clk100MHZ rise@0.000ns)
  Data Path Delay:        0.588ns  (logic 0.146ns (24.837%)  route 0.442ns (75.163%))
  Logic Levels:           1  (LUT6=1)
  Clock Path Skew:        0.027ns (DCD - SCD - CPR)
    Destination Clock Delay (DCD):    2.432ns
    Source Clock Delay      (SCD):    1.958ns
    Clock Pessimism Removal (CPR):    0.447ns

    Location             Delay type                Incr(ns)  Path(ns)    Netlist Resource(s)
  -------------------------------------------------------------------    -------------------
                         (clock clk100MHZ rise edge)
                                                      0.000     0.000 r  
    AC18                                              0.000     0.000 r  clk (IN)
                         net (fo=0)                   0.000     0.000    clk
    AC18                 IBUF (Prop_ibuf_I_O)         0.146     0.146 r  clk_IBUF_inst/O
                         net (fo=1, routed)           1.074     1.220    clk_IBUF
    BUFGCTRL_X0Y0        BUFG (Prop_bufg_I_O)         0.026     1.246 r  clk_IBUF_BUFG_inst/O
                         net (fo=4426, routed)        0.712     1.958    clk_IBUF_BUFG
    SLICE_X2Y33          FDRE                                         r  por_cnt_reg[5]/C
  -------------------------------------------------------------------    -------------------
    SLICE_X2Y33          FDRE (Prop_fdre_C_Q)         0.118     2.076 r  por_cnt_reg[5]/Q
                         net (fo=5, routed)           0.158     2.234    u_game/food_x_reg_reg[0]_0[5]
    SLICE_X3Y33          LUT6 (Prop_lut6_I4_O)        0.028     2.262 f  u_game/state[1]_i_2/O
                         net (fo=1676, routed)        0.283     2.546    u_dbs/rst
    SLICE_X6Y31          FDPE                                         f  u_dbs/debounce_shift_reg[8]/PRE
  -------------------------------------------------------------------    -------------------

                         (clock clk100MHZ rise edge)
                                                      0.000     0.000 r  
    AC18                                              0.000     0.000 r  clk (IN)
                         net (fo=0)                   0.000     0.000    clk
    AC18                 IBUF (Prop_ibuf_I_O)         0.312     0.312 r  clk_IBUF_inst/O
                         net (fo=1, routed)           1.143     1.455    clk_IBUF
    BUFGCTRL_X0Y0        BUFG (Prop_bufg_I_O)         0.030     1.485 r  clk_IBUF_BUFG_inst/O
                         net (fo=4426, routed)        0.947     2.432    u_dbs/clk_IBUF_BUFG
    SLICE_X6Y31          FDPE                                         r  u_dbs/debounce_shift_reg[8]/C
                         clock pessimism             -0.447     1.985    
    SLICE_X6Y31          FDPE (Remov_fdpe_C_PRE)     -0.052     1.933    u_dbs/debounce_shift_reg[8]
  -------------------------------------------------------------------
                         required time                         -1.933    
                         arrival time                           2.546    
  -------------------------------------------------------------------
                         slack                                  0.613    

Slack (MET) :             0.630ns  (arrival time - required time)
  Source:                 por_cnt_reg[5]/C
                            (rising edge-triggered cell FDRE clocked by clk100MHZ  {rise@0.000ns fall@5.000ns period=10.000ns})
  Destination:            u_dbs/sample_cnt_reg[16]/CLR
                            (removal check against rising-edge clock clk100MHZ  {rise@0.000ns fall@5.000ns period=10.000ns})
  Path Group:             **async_default**
  Path Type:              Removal (Min at Fast Process Corner)
  Requirement:            0.000ns  (clk100MHZ rise@0.000ns - clk100MHZ rise@0.000ns)
  Data Path Delay:        0.588ns  (logic 0.146ns (24.837%)  route 0.442ns (75.163%))
  Logic Levels:           1  (LUT6=1)
  Clock Path Skew:        0.027ns (DCD - SCD - CPR)
    Destination Clock Delay (DCD):    2.432ns
    Source Clock Delay      (SCD):    1.958ns
    Clock Pessimism Removal (CPR):    0.447ns

    Location             Delay type                Incr(ns)  Path(ns)    Netlist Resource(s)
  -------------------------------------------------------------------    -------------------
                         (clock clk100MHZ rise edge)
                                                      0.000     0.000 r  
    AC18                                              0.000     0.000 r  clk (IN)
                         net (fo=0)                   0.000     0.000    clk
    AC18                 IBUF (Prop_ibuf_I_O)         0.146     0.146 r  clk_IBUF_inst/O
                         net (fo=1, routed)           1.074     1.220    clk_IBUF
    BUFGCTRL_X0Y0        BUFG (Prop_bufg_I_O)         0.026     1.246 r  clk_IBUF_BUFG_inst/O
                         net (fo=4426, routed)        0.712     1.958    clk_IBUF_BUFG
    SLICE_X2Y33          FDRE                                         r  por_cnt_reg[5]/C
  -------------------------------------------------------------------    -------------------
    SLICE_X2Y33          FDRE (Prop_fdre_C_Q)         0.118     2.076 r  por_cnt_reg[5]/Q
                         net (fo=5, routed)           0.158     2.234    u_game/food_x_reg_reg[0]_0[5]
    SLICE_X3Y33          LUT6 (Prop_lut6_I4_O)        0.028     2.262 f  u_game/state[1]_i_2/O
                         net (fo=1676, routed)        0.283     2.546    u_dbs/rst
    SLICE_X7Y31          FDCE                                         f  u_dbs/sample_cnt_reg[16]/CLR
  -------------------------------------------------------------------    -------------------

                         (clock clk100MHZ rise edge)
                                                      0.000     0.000 r  
    AC18                                              0.000     0.000 r  clk (IN)
                         net (fo=0)                   0.000     0.000    clk
    AC18                 IBUF (Prop_ibuf_I_O)         0.312     0.312 r  clk_IBUF_inst/O
                         net (fo=1, routed)           1.143     1.455    clk_IBUF
    BUFGCTRL_X0Y0        BUFG (Prop_bufg_I_O)         0.030     1.485 r  clk_IBUF_BUFG_inst/O
                         net (fo=4426, routed)        0.947     2.432    u_dbs/clk_IBUF_BUFG
    SLICE_X7Y31          FDCE                                         r  u_dbs/sample_cnt_reg[16]/C
                         clock pessimism             -0.447     1.985    
    SLICE_X7Y31          FDCE (Remov_fdce_C_CLR)     -0.069     1.916    u_dbs/sample_cnt_reg[16]
  -------------------------------------------------------------------
                         required time                         -1.916    
                         arrival time                           2.546    
  -------------------------------------------------------------------
                         slack                                  0.630    

Slack (MET) :             0.684ns  (arrival time - required time)
  Source:                 por_cnt_reg[5]/C
                            (rising edge-triggered cell FDRE clocked by clk100MHZ  {rise@0.000ns fall@5.000ns period=10.000ns})
  Destination:            u_dbs/sample_cnt_reg[12]/CLR
                            (removal check against rising-edge clock clk100MHZ  {rise@0.000ns fall@5.000ns period=10.000ns})
  Path Group:             **async_default**
  Path Type:              Removal (Min at Fast Process Corner)
  Requirement:            0.000ns  (clk100MHZ rise@0.000ns - clk100MHZ rise@0.000ns)
  Data Path Delay:        0.641ns  (logic 0.146ns (22.791%)  route 0.495ns (77.209%))
  Logic Levels:           1  (LUT6=1)
  Clock Path Skew:        0.026ns (DCD - SCD - CPR)
    Destination Clock Delay (DCD):    2.431ns
    Source Clock Delay      (SCD):    1.958ns
    Clock Pessimism Removal (CPR):    0.447ns

    Location             Delay type                Incr(ns)  Path(ns)    Netlist Resource(s)
  -------------------------------------------------------------------    -------------------
                         (clock clk100MHZ rise edge)
                                                      0.000     0.000 r  
    AC18                                              0.000     0.000 r  clk (IN)
                         net (fo=0)                   0.000     0.000    clk
    AC18                 IBUF (Prop_ibuf_I_O)         0.146     0.146 r  clk_IBUF_inst/O
                         net (fo=1, routed)           1.074     1.220    clk_IBUF
    BUFGCTRL_X0Y0        BUFG (Prop_bufg_I_O)         0.026     1.246 r  clk_IBUF_BUFG_inst/O
                         net (fo=4426, routed)        0.712     1.958    clk_IBUF_BUFG
    SLICE_X2Y33          FDRE                                         r  por_cnt_reg[5]/C
  -------------------------------------------------------------------    -------------------
    SLICE_X2Y33          FDRE (Prop_fdre_C_Q)         0.118     2.076 r  por_cnt_reg[5]/Q
                         net (fo=5, routed)           0.158     2.234    u_game/food_x_reg_reg[0]_0[5]
    SLICE_X3Y33          LUT6 (Prop_lut6_I4_O)        0.028     2.262 f  u_game/state[1]_i_2/O
                         net (fo=1676, routed)        0.336     2.598    u_dbs/rst
    SLICE_X7Y30          FDCE                                         f  u_dbs/sample_cnt_reg[12]/CLR
  -------------------------------------------------------------------    -------------------

                         (clock clk100MHZ rise edge)
                                                      0.000     0.000 r  
    AC18                                              0.000     0.000 r  clk (IN)
                         net (fo=0)                   0.000     0.000    clk
    AC18                 IBUF (Prop_ibuf_I_O)         0.312     0.312 r  clk_IBUF_inst/O
                         net (fo=1, routed)           1.143     1.455    clk_IBUF
    BUFGCTRL_X0Y0        BUFG (Prop_bufg_I_O)         0.030     1.485 r  clk_IBUF_BUFG_inst/O
                         net (fo=4426, routed)        0.946     2.431    u_dbs/clk_IBUF_BUFG
    SLICE_X7Y30          FDCE                                         r  u_dbs/sample_cnt_reg[12]/C
                         clock pessimism             -0.447     1.984    
    SLICE_X7Y30          FDCE (Remov_fdce_C_CLR)     -0.069     1.915    u_dbs/sample_cnt_reg[12]
  -------------------------------------------------------------------
                         required time                         -1.915    
                         arrival time                           2.598    
  -------------------------------------------------------------------
                         slack                                  0.684    





